year,country,female,male
2010,Afghanistan,62.4078,59.2776
2011,Afghanistan,62.9926,59.8254
2012,Afghanistan,63.5135,60.3173
2013,Afghanistan,64.0268,60.7915
2014,Afghanistan,64.2743,60.8119
2015,Afghanistan,64.5759,60.7597
2016,Afghanistan,65.0957,61.1934
2017,Afghanistan,66.0993,60.1049
2018,Afghanistan,66.4576,59.9231
2019,Afghanistan,66.677,60.6191
2020,Afghanistan,65.432,59.8662
2021,Afghanistan,65.2791,58.9147
2010,Albania,80.6878,75.4925
2011,Albania,80.798,75.6932
2012,Albania,80.7025,75.7302
2013,Albania,80.7812,75.7863
2014,Albania,81.0125,76.1142
2015,Albania,81.1825,76.4036
2016,Albania,81.3771,76.6392
2017,Albania,81.5045,76.8729
2018,Albania,81.6079,77.0366
2019,Albania,81.6658,77.1679
2020,Albania,79.6756,74.6325
2021,Albania,79.1726,74.0869
2010,Algeria,74.8731,72.7693
2011,Algeria,75.2364,73.0404
2012,Algeria,75.4783,72.9705
2013,Algeria,75.8399,73.4301
2014,Algeria,76.4667,73.8032
2015,Algeria,76.824,74.4564
2016,Algeria,76.8026,74.6927
2017,Algeria,76.8212,74.6997
2018,Algeria,77.2047,74.9662
2019,Algeria,77.7605,75.2382
2020,Algeria,75.9125,73.0821
2021,Algeria,77.9588,74.8787
2010,American Samoa,74.2646,70.028
2011,American Samoa,74.3013,70.0835
2012,American Samoa,74.5779,70.2104
2013,American Samoa,74.5769,70.1106
2014,American Samoa,74.5906,70.2172
2015,American Samoa,74.8382,70.3329
2016,American Samoa,74.9699,69.9545
2017,American Samoa,75.1846,69.9731
2018,American Samoa,75.1956,69.9682
2019,American Samoa,75.0959,69.7035
2020,American Samoa,75.0995,69.9314
2021,American Samoa,76.5635,69.0646
2010,Andorra,85.4442,80.4934
2011,Andorra,85.4442,80.524
2012,Andorra,85.4442,80.5546
2013,Andorra,85.4442,80.5852
2014,Andorra,85.4442,80.6157
2015,Andorra,85.434,80.6462
2016,Andorra,85.434,80.6868
2017,Andorra,85.434,80.7172
2018,Andorra,85.434,80.7477
2019,Andorra,85.434,80.7781
2020,Andorra,83.1922,75.7629
2021,Andorra,84.3238,77.1723
2010,Angola,59.0394,54.4154
2011,Angola,59.8693,55.3139
2012,Angola,61.0236,56.2197
2013,Angola,61.6844,56.9254
2014,Angola,62.4717,57.6063
2015,Angola,63.0944,58.2133
2016,Angola,63.4338,58.741
2017,Angola,64.0185,59.3305
2018,Angola,64.7172,59.5817
2019,Angola,64.9216,59.9774
2020,Angola,64.9821,59.584
2021,Angola,64.3066,59.0291
2010,Anguilla,81.1676,74.5041
2011,Anguilla,81.4526,74.5942
2012,Anguilla,81.3222,74.5161
2013,Anguilla,81.0717,74.3105
2014,Anguilla,80.9732,74.057
2015,Anguilla,80.823,73.7188
2016,Anguilla,80.6705,73.4557
2017,Anguilla,79.4694,72.8059
2018,Anguilla,80.6699,73.4354
2019,Anguilla,80.7008,73.5143
2020,Anguilla,80.7452,73.5262
2021,Anguilla,80.4502,73.2472
2010,Antigua and Barbuda,79.434,73.9589
2011,Antigua and Barbuda,79.7063,74.244
2012,Antigua and Barbuda,79.9614,74.4763
2013,Antigua and Barbuda,80.2303,74.6708
2014,Antigua and Barbuda,80.5354,74.9084
2015,Antigua and Barbuda,80.3888,75.1483
2016,Antigua and Barbuda,80.6451,75.3657
2017,Antigua and Barbuda,80.7206,75.5196
2018,Antigua and Barbuda,81.0003,75.7235
2019,Antigua and Barbuda,81.1709,75.9093
2020,Antigua and Barbuda,81.3155,76.0605
2021,Antigua and Barbuda,80.9411,75.7753
2010,Argentina,78.8378,72.5165
2011,Argentina,79.3224,72.8411
2012,Argentina,79.9531,72.9385
2013,Argentina,79.9265,73.0113
2014,Argentina,80.0035,73.424
2015,Argentina,80.1877,73.2943
2016,Argentina,79.67,72.9326
2017,Argentina,80.085,73.5263
2018,Argentina,80.3295,73.6309
2019,Argentina,80.6807,73.8568
2020,Argentina,79.2846,72.5465
2021,Argentina,78.6471,72.1818
2010,Armenia,77.4368,68.5973
2011,Armenia,77.7133,68.6129
2012,Armenia,77.4832,69.0372
2013,Armenia,77.9127,69.0619
2014,Armenia,78.4982,69.2361
2015,Armenia,78.8334,69.5951
2016,Armenia,79.203,69.6726
2017,Armenia,79.3806,69.9198
2018,Armenia,79.6013,69.992
2019,Armenia,79.8556,70.4029
2020,Armenia,76.9955,67.051
2021,Armenia,77.35,66.5544
2010,Aruba,78.6118,72.1256
2011,Aruba,78.6199,72.2234
2012,Aruba,78.6033,72.3462
2013,Aruba,78.803,72.3613
2014,Aruba,78.6135,72.4485
2015,Aruba,78.6436,72.5686
2016,Aruba,78.4859,72.5815
2017,Aruba,78.7944,72.838
2018,Aruba,78.8542,73.0958
2019,Aruba,79.0097,73.2861
2020,Aruba,78.4446,72.8281
2021,Aruba,77.3153,71.7981
2010,Australia,84.2336,79.8449
2011,Australia,84.2919,79.9562
2012,Australia,84.3471,80.314
2013,Australia,84.6751,80.5117
2014,Australia,84.5438,80.5691
2015,Australia,84.6734,80.6278
2016,Australia,84.9119,80.8266
2017,Australia,84.9855,81.0054
2018,Australia,85.3889,81.3761
2019,Australia,85.0961,81.1238
2020,Australia,85.7192,82.8895
2021,Australia,85.8396,83.1718
2010,Austria,83.1212,77.6562
2011,Austria,83.427,78.0703
2012,Austria,83.2843,78.2593
2013,Austria,83.5664,78.4573
2014,Austria,83.7304,78.9072
2015,Austria,83.5855,78.6348
2016,Austria,83.9302,79.1425
2017,Austria,83.8994,79.2852
2018,Austria,83.9912,79.3006
2019,Austria,84.1948,79.5326
2020,Austria,83.9063,79.0542
2021,Austria,84.084,79.0433
2010,Azerbaijan,72.8208,66.2546
2011,Azerbaijan,73.3435,66.64
2012,Azerbaijan,73.8326,66.9052
2013,Azerbaijan,74.2773,67.4822
2014,Azerbaijan,74.3837,67.8134
2015,Azerbaijan,74.7881,68.0807
2016,Azerbaijan,75.5872,68.411
2017,Azerbaijan,75.4673,68.9526
2018,Azerbaijan,75.7084,69.6931
2019,Azerbaijan,75.8315,70.2304
2020,Azerbaijan,70.9976,62.9858
2021,Azerbaijan,73.2871,65.6458
2010,Bahamas,76.1489,69.2777
2011,Bahamas,75.7623,69.3008
2012,Bahamas,75.9225,69.5089
2013,Bahamas,76.2946,69.6838
2014,Bahamas,76.639,70.0135
2015,Bahamas,76.3718,69.7601
2016,Bahamas,76.9382,70.0665
2017,Bahamas,77.1704,70.0396
2018,Bahamas,77.3203,70.2253
2019,Bahamas,73.83,68.4451
2020,Bahamas,76.2696,69.1018
2021,Bahamas,75.0957,68.1206
2010,Bahrain,79.9658,77.7371
2011,Bahrain,80.1095,77.8824
2012,Bahrain,80.369,78.0303
2013,Bahrain,80.6464,78.1255
2014,Bahrain,80.8126,78.1996
2015,Bahrain,80.8403,78.3416
2016,Bahrain,81.0328,78.4622
2017,Bahrain,81.1156,78.6124
2018,Bahrain,81.1948,78.8156
2019,Bahrain,81.3193,78.9803
2020,Bahrain,80.4326,78.1647
2021,Bahrain,80.0178,77.7566
2010,Bangladesh,70.3117,67.1653
2011,Bangladesh,70.4668,67.3387
2012,Bangladesh,71.8309,67.6046
2013,Bangladesh,72.5395,67.1079
2014,Bangladesh,72.42,67.8763
2015,Bangladesh,72.739,68.4976
2016,Bangladesh,73.3253,69.0854
2017,Bangladesh,73.9496,69.8216
2018,Bangladesh,74.3461,70.8894
2019,Bangladesh,75.0896,70.7131
2020,Bangladesh,73.9569,70.1872
2021,Bangladesh,74.2672,70.5989
2010,Barbados,77.6797,73.5669
2011,Barbados,77.8687,73.7855
2012,Barbados,78.0313,73.9894
2013,Barbados,78.2127,74.1631
2014,Barbados,78.4364,74.3422
2015,Barbados,78.5907,74.5397
2016,Barbados,78.7235,74.7373
2017,Barbados,78.8415,74.8632
2018,Barbados,78.9579,75.0131
2019,Barbados,79.1234,75.2295
2020,Barbados,79.2095,75.4185
2021,Barbados,79.3594,75.6292
2010,Belarus,76.9517,65.4615
2011,Belarus,77.4263,65.7724
2012,Belarus,77.9778,67.1696
2013,Belarus,78.0665,67.7499
2014,Belarus,78.6116,68.3501
2015,Belarus,78.8086,68.902
2016,Belarus,78.9943,69.24
2017,Belarus,79.1498,69.4701
2018,Belarus,79.2822,69.5831
2019,Belarus,79.375,68.9429
2020,Belarus,77.8664,67.3063
2021,Belarus,77.6972,67.2978
2010,Belgium,82.6218,77.3519
2011,Belgium,82.865,77.7629
2012,Belgium,82.8279,77.6258
2013,Belgium,82.9203,77.9396
2014,Belgium,83.5112,78.5638
2015,Belgium,83.1476,78.5564
2016,Belgium,83.6859,78.7833
2017,Belgium,83.6504,79.0023
2018,Belgium,83.6824,79.2103
2019,Belgium,83.9969,79.5947
2020,Belgium,83.0499,78.5244
2021,Belgium,84.2957,79.4344
2010,Belize,75.3701,69.5881
2011,Belize,75.6775,70.0188
2012,Belize,76.1299,70.7143
2013,Belize,76.2657,71.3503
2014,Belize,76.3414,70.6741
2015,Belize,76.4857,70.3571
2016,Belize,76.6678,70.5841
2017,Belize,76.8448,70.7313
2018,Belize,77.0211,70.8404
2019,Belize,77.2467,71.0619
2020,Belize,76.6257,69.564
2021,Belize,74.3322,67.1187
2010,Benin,59.6804,57.0143
2011,Benin,59.7333,57.1634
2012,Benin,59.7752,57.6275
2013,Benin,60.213,57.6957
2014,Benin,60.2653,57.9617
2015,Benin,60.6819,58.0576
2016,Benin,60.7311,58.3321
2017,Benin,61.1986,58.5049
2018,Benin,61.3536,58.9157
2019,Benin,61.8575,59.0495
2020,Benin,61.4848,58.6927
2021,Benin,61.4449,58.2208
2010,Bermuda,85.2885,75.9215
2011,Bermuda,85.6875,77.1382
2012,Bermuda,85.8547,76.796
2013,Bermuda,84.0624,76.0175
2014,Bermuda,82.7529,76.2621
2015,Bermuda,85.7576,76.4274
2016,Bermuda,85.3495,76.2312
2017,Bermuda,85.418,79.1187
2018,Bermuda,83.9812,77.5941
2019,Bermuda,84.1782,77.7912
2020,Bermuda,84.2725,77.8851
2021,Bermuda,82.7079,75.8168
2010,Bhutan,70.0921,67.027
2011,Bhutan,70.6282,67.4073
2012,Bhutan,71.0908,67.8364
2013,Bhutan,71.4505,68.2327
2014,Bhutan,71.7976,68.5668
2015,Bhutan,72.0717,68.8751
2016,Bhutan,72.317,69.1412
2017,Bhutan,72.5756,69.3711
2018,Bhutan,72.9144,69.602
2019,Bhutan,73.2361,69.8132
2020,Bhutan,73.5361,69.9646
2021,Bhutan,73.7734,70.1411
2010,Bolivia,68.6882,63.8206
2011,Bolivia,69.0885,64.163
2012,Bolivia,69.3124,64.2883
2013,Bolivia,69.6628,64.5702
2014,Bolivia,69.771,64.7368
2015,Bolivia,69.9111,64.8995
2016,Bolivia,70.2591,65.17
2017,Bolivia,70.3472,65.2282
2018,Bolivia,70.3834,65.2795
2019,Bolivia,70.4753,65.3701
2020,Bolivia,67.8408,61.5592
2021,Bolivia,66.7999,60.879
2010,Bonaire Sint Eustatius and Saba,78.3284,72.8087
2011,Bonaire Sint Eustatius and Saba,79.586,74.0451
2012,Bonaire Sint Eustatius and Saba,78.0439,72.9231
2013,Bonaire Sint Eustatius and Saba,78.3748,73.1701
2014,Bonaire Sint Eustatius and Saba,79.4361,74.3183
2015,Bonaire Sint Eustatius and Saba,79.8145,75.5435
2016,Bonaire Sint Eustatius and Saba,77.9687,73.4972
2017,Bonaire Sint Eustatius and Saba,79.9607,75.221
2018,Bonaire Sint Eustatius and Saba,78.229,73.5676
2019,Bonaire Sint Eustatius and Saba,79.2003,74.2241
2020,Bonaire Sint Eustatius and Saba,78.6688,73.7615
2021,Bonaire Sint Eustatius and Saba,77.868,72.8762
2010,Bosnia and Herzegovina,79.6524,74.3408
2011,Bosnia and Herzegovina,79.3823,74.4924
2012,Bosnia and Herzegovina,79.8673,74.4059
2013,Bosnia and Herzegovina,78.6242,73.9454
2014,Bosnia and Herzegovina,77.709,73.5387
2015,Bosnia and Herzegovina,78.1116,74.1798
2016,Bosnia and Herzegovina,78.7683,74.7746
2017,Bosnia and Herzegovina,78.9581,74.849
2018,Bosnia and Herzegovina,79.0933,75.0339
2019,Bosnia and Herzegovina,79.2198,75.2082
2020,Bosnia and Herzegovina,78.4142,74.0399
2021,Bosnia and Herzegovina,77.5302,73.1078
2010,Botswana,61.8287,58.0935
2011,Botswana,62.8155,58.1727
2012,Botswana,62.9281,58.587
2013,Botswana,64.6371,59.302
2014,Botswana,65.3905,59.7805
2015,Botswana,66.2836,61.2622
2016,Botswana,68.0593,62.77
2017,Botswana,69.4282,63.968
2018,Botswana,67.3709,63.3356
2019,Botswana,67.8913,62.9338
2020,Botswana,68.0513,63.1425
2021,Botswana,63.5942,58.6909
2010,Brazil,76.5924,69.8443
2011,Brazil,76.6512,70.0887
2012,Brazil,76.8691,70.2868
2013,Brazil,77.1195,70.7454
2014,Brazil,77.4319,71.1908
2015,Brazil,77.5719,71.1237
2016,Brazil,77.8481,71.0924
2017,Brazil,78.0322,71.6354
2018,Brazil,78.2655,71.9561
2019,Brazil,78.4695,72.2029
2020,Brazil,77.3747,70.7003
2021,Brazil,76.0086,69.5597
2010,British Virgin Islands,78.1869,72.9488
2011,British Virgin Islands,78.2698,72.9791
2012,British Virgin Islands,78.3306,72.9908
2013,British Virgin Islands,78.4234,72.9841
2014,British Virgin Islands,78.4801,72.9973
2015,British Virgin Islands,78.582,73.0141
2016,British Virgin Islands,78.6443,73.0313
2017,British Virgin Islands,77.4159,72.3378
2018,British Virgin Islands,78.7675,73.0929
2019,British Virgin Islands,78.804,73.1129
2020,British Virgin Islands,78.763,73.1104
2021,British Virgin Islands,77.457,71.7486
2010,Brunei,77.1421,72.8429
2011,Brunei,77.1264,72.8449
2012,Brunei,77.0958,72.8034
2013,Brunei,77.0564,72.774
2014,Brunei,77.0414,72.7413
2015,Brunei,77.0011,72.7143
2016,Brunei,76.9776,72.6974
2017,Brunei,76.9627,72.6846
2018,Brunei,76.956,72.6681
2019,Brunei,76.9859,72.706
2020,Brunei,77.033,72.7495
2021,Brunei,76.8812,72.6017
2010,Bulgaria,77.3514,70.3861
2011,Bulgaria,77.7213,70.7269
2012,Bulgaria,77.8714,70.9122
2013,Bulgaria,78.4811,71.294
2014,Bulgaria,77.972,71.0715
2015,Bulgaria,78.1266,71.2241
2016,Bulgaria,78.4684,71.3107
2017,Bulgaria,78.3417,71.3633
2018,Bulgaria,78.3804,71.532
2019,Bulgaria,78.6305,71.6373
2020,Bulgaria,77.5077,70.0621
2021,Bulgaria,75.4824,68.435
2010,Burkina Faso,57.888,54.9595
2011,Burkina Faso,58.6159,55.5271
2012,Burkina Faso,59.0963,56.0328
2013,Burkina Faso,59.2619,56.2773
2014,Burkina Faso,59.8842,56.7273
2015,Burkina Faso,60.4013,57.1842
2016,Burkina Faso,60.9267,57.6231
2017,Burkina Faso,61.1776,57.7969
2018,Burkina Faso,61.7065,58.2902
2019,Burkina Faso,61.8222,58.1733
2020,Burkina Faso,61.5981,57.7873
2021,Burkina Faso,60.9896,57.4745
2010,Burundi,58.3975,55.7138
2011,Burundi,59.0937,56.3959
2012,Burundi,59.8521,57.0856
2013,Burundi,60.6489,57.7755
2014,Burundi,61.3455,58.3498
2015,Burundi,62.1981,58.2256
2016,Burundi,62.4581,59.0883
2017,Burundi,63.3023,59.7637
2018,Burundi,63.5237,59.8207
2019,Burundi,64.3471,60.3389
2020,Burundi,63.675,59.465
2021,Burundi,63.6092,59.7112
2010,Cambodia,69.8343,65.4357
2011,Cambodia,70.726,65.9565
2012,Cambodia,71.0263,66.6516
2013,Cambodia,71.6647,66.8018
2014,Cambodia,71.8814,67.4461
2015,Cambodia,72.0202,67.5861
2016,Cambodia,72.6662,67.6576
2017,Cambodia,72.6887,68.2131
2018,Cambodia,72.7776,68.2261
2019,Cambodia,72.8727,68.4005
2020,Cambodia,72.7242,67.9989
2021,Cambodia,72.2907,66.8186
2010,Cameroon,57.9714,55.193
2011,Cameroon,58.4891,55.7757
2012,Cameroon,59.1611,56.4243
2013,Cameroon,59.8505,57.1044
2014,Cameroon,60.4332,57.4501
2015,Cameroon,61.2064,58.1269
2016,Cameroon,61.5993,58.8748
2017,Cameroon,62.1633,59.465
2018,Cameroon,62.7827,59.6021
2019,Cameroon,62.9959,60.186
2020,Cameroon,62.633,59.0805
2021,Cameroon,62.0182,58.6899
2010,Canada,83.4572,79.1205
2011,Canada,83.597,79.3505
2012,Canada,83.7581,79.5772
2013,Canada,83.7996,79.7139
2014,Canada,83.8899,79.7412
2015,Canada,83.9115,79.8636
2016,Canada,84.053,79.9663
2017,Canada,84.1032,79.8913
2018,Canada,84.095,79.9719
2019,Canada,84.4187,80.2768
2020,Canada,84.1036,79.9804
2021,Canada,84.6711,80.621
2010,Cape Verde,78.0689,69.0045
2011,Cape Verde,78.7419,69.7616
2012,Cape Verde,78.162,70.5957
2013,Cape Verde,79.4694,70.5427
2014,Cape Verde,79.6319,70.7066
2015,Cape Verde,79.0367,70.0823
2016,Cape Verde,80.0195,71.2391
2017,Cape Verde,80.6937,72.1762
2018,Cape Verde,79.8746,71.3438
2019,Cape Verde,80.1827,71.5697
2020,Cape Verde,79.1604,70.3334
2021,Cape Verde,78.4572,69.5891
2010,Cayman Islands,78.7675,73.0424
2011,Cayman Islands,77.8142,72.5565
2012,Cayman Islands,77.6226,72.5256
2013,Cayman Islands,77.4802,72.522
2014,Cayman Islands,77.3606,72.5032
2015,Cayman Islands,77.3286,72.5224
2016,Cayman Islands,77.369,72.5953
2017,Cayman Islands,77.4237,72.654
2018,Cayman Islands,77.4987,72.7035
2019,Cayman Islands,77.6072,72.7574
2020,Cayman Islands,77.7132,72.7651
2021,Cayman Islands,77.7813,72.754
2010,Central African Republic,50.5341,48.0537
2011,Central African Republic,51.1672,48.8013
2012,Central African Republic,52.0587,49.3961
2013,Central African Republic,52.727,49.2052
2014,Central African Republic,52.9032,48.4199
2015,Central African Republic,54.5123,51.1674
2016,Central African Republic,55.39,51.6434
2017,Central African Republic,56.051,51.5523
2018,Central African Republic,56.5872,52.2846
2019,Central African Republic,57.1057,53.0482
2020,Central African Republic,56.7567,52.5817
2021,Central African Republic,56.3035,51.6455
2010,Chad,50.7976,48.3877
2011,Chad,51.2788,48.7599
2012,Chad,51.8486,49.2552
2013,Chad,52.1595,49.4315
2014,Chad,52.6305,49.8079
2015,Chad,53.1317,50.0902
2016,Chad,53.317,50.8673
2017,Chad,53.7517,50.8985
2018,Chad,54.3168,51.3722
2019,Chad,54.9076,51.6641
2020,Chad,54.3961,51.218
2021,Chad,54.2828,50.8449
2010,Chile,81.2127,75.7345
2011,Chile,81.6841,76.4511
2012,Chile,81.5956,76.3788
2013,Chile,82.0335,76.5787
2014,Chile,82.1452,76.7356
2015,Chile,82.3839,77.0353
2016,Chile,82.57,77.4957
2017,Chile,82.6012,78.0149
2018,Chile,82.5267,77.6841
2019,Chile,82.7112,77.8939
2020,Chile,82.0406,76.7446
2021,Chile,81.4368,76.4722
2010,China,78.3255,73.0797
2011,China,78.644,73.3681
2012,China,78.9832,73.613
2013,China,79.223,73.8836
2014,China,79.4993,74.1344
2015,China,79.772,74.3785
2016,China,80.053,74.5822
2017,China,80.3206,74.4325
2018,China,80.6373,75.0464
2019,China,80.8156,75.2983
2020,China,81.0584,75.305
2021,China,81.1546,75.4634
2010,Colombia,78.3011,71.8165
2011,Colombia,78.5479,72.1406
2012,Colombia,78.7871,72.4547
2013,Colombia,78.9723,72.7253
2014,Colombia,79.1389,72.9851
2015,Colombia,79.2916,73.2516
2016,Colombia,79.4398,73.5187
2017,Colombia,79.5348,73.7592
2018,Colombia,79.6597,73.8421
2019,Colombia,79.721,73.7998
2020,Colombia,78.1362,71.5365
2021,Colombia,76.4421,69.4041
2010,Comoros,63.0603,59.324
2011,Comoros,63.6079,59.56
2012,Comoros,63.8007,60.0107
2013,Comoros,64.3928,60.2273
2014,Comoros,64.5497,60.6333
2015,Comoros,65.1633,60.8114
2016,Comoros,65.341,61.2877
2017,Comoros,65.9864,61.4549
2018,Comoros,66.1951,61.8082
2019,Comoros,66.3058,62.0091
2020,Comoros,66.5928,61.9752
2021,Comoros,65.8272,61.2453
2010,Congo,62.7747,60.57
2011,Congo,63.1353,60.8333
2012,Congo,63.3254,61.2875
2013,Congo,63.9978,61.3884
2014,Congo,64.2414,61.6563
2015,Congo,64.3141,62.1371
2016,Congo,64.9751,62.1853
2017,Congo,65.1347,62.3923
2018,Congo,65.2667,62.8345
2019,Congo,64.1647,61.3465
2020,Congo,65.3969,62.2119
2021,Congo,64.9346,62.1236
2010,Cook Islands,77.8144,69.866
2011,Cook Islands,77.9315,70.165
2012,Cook Islands,78.0248,70.4137
2013,Cook Islands,78.1153,70.5302
2014,Cook Islands,78.197,70.5661
2015,Cook Islands,78.2829,70.6291
2016,Cook Islands,78.3598,70.697
2017,Cook Islands,78.4373,70.755
2018,Cook Islands,78.525,70.8157
2019,Cook Islands,78.5904,70.8794
2020,Cook Islands,78.6628,70.9336
2021,Cook Islands,78.7867,70.9839
2010,Costa Rica,81.0832,76.3395
2011,Costa Rica,81.7106,77.048
2012,Costa Rica,81.6199,77.0089
2013,Costa Rica,81.7624,77.1117
2014,Costa Rica,81.2361,76.4095
2015,Costa Rica,81.5686,76.6985
2016,Costa Rica,82.0082,77.0104
2017,Costa Rica,81.7602,77.0698
2018,Costa Rica,82.0831,76.9958
2019,Costa Rica,81.9525,77.0017
2020,Costa Rica,81.9122,76.751
2021,Costa Rica,79.8106,74.4177
2010,Cote d'Ivoire,56.2125,53.9363
2011,Cote d'Ivoire,56.7469,54.3978
2012,Cote d'Ivoire,57.3392,55.0728
2013,Cote d'Ivoire,58.0237,55.5807
2014,Cote d'Ivoire,58.2631,56.2339
2015,Cote d'Ivoire,58.9473,56.6766
2016,Cote d'Ivoire,59.0692,57.1304
2017,Cote d'Ivoire,59.7231,57.3477
2018,Cote d'Ivoire,59.9402,57.8456
2019,Cote d'Ivoire,60.5897,58.1619
2020,Cote d'Ivoire,60.3507,57.8599
2021,Cote d'Ivoire,59.9409,57.4001
2010,Croatia,79.9524,73.5806
2011,Croatia,80.3253,74.0335
2012,Croatia,80.5285,74.0872
2013,Croatia,80.9556,74.6494
2014,Croatia,80.952,74.8726
2015,Croatia,80.5443,74.5288
2016,Croatia,81.2118,75.1861
2017,Croatia,80.9466,75.1671
2018,Croatia,81.3336,75.303
2019,Croatia,81.573,75.8429
2020,Croatia,80.9099,75.0546
2021,Croatia,81.0549,74.233
2010,Cuba,79.9899,75.4595
2011,Cuba,80.0634,75.5748
2012,Cuba,80.1224,75.6571
2013,Cuba,80.1573,75.6875
2014,Cuba,80.1661,75.6435
2015,Cuba,80.1479,75.5046
2016,Cuba,80.1105,75.2967
2017,Cuba,80.0708,75.1177
2018,Cuba,80.0507,75.0672
2019,Cuba,80.0747,75.2438
2020,Cuba,80.2255,75.0436
2021,Cuba,76.3585,71.2446
2010,Curacao,77.9885,71.3875
2011,Curacao,78.5898,71.6334
2012,Curacao,78.6594,72.0135
2013,Curacao,79.3671,72.1716
2014,Curacao,79.4374,72.0204
2015,Curacao,79.8221,72.0639
2016,Curacao,79.8397,71.8599
2017,Curacao,79.8579,72.1464
2018,Curacao,79.8235,72.1501
2019,Curacao,79.8628,72.1543
2020,Curacao,79.8524,72.1029
2021,Curacao,79.1361,71.5241
2010,Cyprus,82.0482,77.3625
2011,Cyprus,82.3357,77.7363
2012,Cyprus,82.1495,78.0913
2013,Cyprus,82.4051,78.4094
2014,Cyprus,82.7229,78.8168
2015,Cyprus,82.8731,79.0507
2016,Cyprus,83.1852,78.9453
2017,Cyprus,83.4151,79.2463
2018,Cyprus,83.058,79.6703
2019,Cyprus,83.2698,79.5076
2020,Cyprus,83.4484,79.3451
2021,Cyprus,83.2037,79.2092
2010,Czechia,80.6497,74.4319
2011,Czechia,80.8612,74.7197
2012,Czechia,80.9855,74.9675
2013,Czechia,81.1543,75.1497
2014,Czechia,81.7278,75.7123
2015,Czechia,81.4724,75.6366
2016,Czechia,81.8738,76.0507
2017,Czechia,81.862,76.0061
2018,Czechia,81.9033,76.0733
2019,Czechia,82.1055,76.34
2020,Czechia,81.5409,75.6277
2021,Czechia,80.8885,74.6662
2010,Democratic Republic of Congo,57.9991,54.8295
2011,Democratic Republic of Congo,58.6584,55.4755
2012,Democratic Republic of Congo,58.8102,55.6825
2013,Democratic Republic of Congo,59.4394,56.0873
2014,Democratic Republic of Congo,60.0125,56.5864
2015,Democratic Republic of Congo,60.2544,56.737
2016,Democratic Republic of Congo,60.9039,57.2454
2017,Democratic Republic of Congo,61.1074,57.7232
2018,Democratic Republic of Congo,61.767,58.1327
2019,Democratic Republic of Congo,62.2433,58.3352
2020,Democratic Republic of Congo,61.7001,57.8181
2021,Democratic Republic of Congo,61.5207,56.9531
2010,Denmark,81.3357,77.1184
2011,Denmark,81.8215,77.6985
2012,Denmark,82.037,78.0714
2013,Denmark,82.3003,78.278
2014,Denmark,82.66,78.5623
2015,Denmark,82.6796,78.764
2016,Denmark,82.7881,78.9367
2017,Denmark,83.1207,79.0884
2018,Denmark,82.9553,79.0196
2019,Denmark,83.4234,79.4371
2020,Denmark,83.5019,79.5823
2021,Denmark,83.2762,79.4848
2010,Djibouti,62.267,58.3031
2011,Djibouti,62.4086,58.5069
2012,Djibouti,63.0833,58.6865
2013,Djibouti,63.2255,59.266
2014,Djibouti,64.0911,59.2855
2015,Djibouti,64.2987,59.6947
2016,Djibouti,64.52,59.9387
2017,Djibouti,65.3365,60.3543
2018,Djibouti,65.5827,60.5895
2019,Djibouti,65.5629,60.6953
2020,Djibouti,65.4611,60.0711
2021,Djibouti,65.0189,59.7276
2010,Dominica,74.8889,68.6978
2011,Dominica,72.9735,66.9064
2012,Dominica,73.2151,68.2142
2013,Dominica,71.3096,66.78
2014,Dominica,72.1177,67.0958
2015,Dominica,71.0817,66.5866
2016,Dominica,73.0191,67.5706
2017,Dominica,69.6472,65.5964
2018,Dominica,77.2471,70.4047
2019,Dominica,77.2054,70.3546
2020,Dominica,77.2597,70.4335
2021,Dominica,76.3013,69.7249
2010,Dominican Republic,75.6597,68.9249
2011,Dominican Republic,75.8556,68.9843
2012,Dominican Republic,76.1656,69.2433
2013,Dominican Republic,76.3222,69.4568
2014,Dominican Republic,76.3961,69.6618
2015,Dominican Republic,76.3773,69.8278
2016,Dominican Republic,76.304,69.9478
2017,Dominican Republic,76.3186,70.0743
2018,Dominican Republic,76.4995,70.2326
2019,Dominican Republic,76.9649,70.4711
2020,Dominican Republic,76.9139,69.3639
2021,Dominican Republic,76.2914,69.2978
2010,East Timor,66.9887,63.7692
2011,East Timor,67.3739,64.1669
2012,East Timor,67.7901,64.5215
2013,East Timor,68.1921,64.8402
2014,East Timor,68.5566,65.1706
2015,East Timor,68.8863,65.5388
2016,East Timor,69.1668,65.8692
2017,East Timor,69.4412,66.1884
2018,East Timor,69.7016,66.4677
2019,East Timor,69.9499,66.7213
2020,East Timor,70.2794,66.8367
2021,East Timor,69.5445,66.0999
2010,Ecuador,78.4876,72.4579
2011,Ecuador,78.6754,72.8788
2012,Ecuador,78.8422,73.3323
2013,Ecuador,78.9974,73.7773
2014,Ecuador,79.1243,74.1456
2015,Ecuador,79.2086,74.3908
2016,Ecuador,79.1373,74.4097
2017,Ecuador,79.3952,74.577
2018,Ecuador,79.6038,74.6228
2019,Ecuador,79.953,74.6989
2020,Ecuador,76.0557,68.7649
2021,Ecuador,77.4619,70.2604
2010,Egypt,72.3184,67.0957
2011,Egypt,72.6053,67.253
2012,Egypt,72.7445,67.5131
2013,Egypt,72.8198,67.3984
2014,Egypt,73.1632,67.7726
2015,Egypt,73.0807,67.967
2016,Egypt,73.5516,68.2329
2017,Egypt,73.9739,68.7118
2018,Egypt,73.9273,68.8746
2019,Egypt,73.711,69.0488
2020,Egypt,73.3897,68.667
2021,Egypt,72.6077,67.9353
2010,El Salvador,76.2132,67.2447
2011,El Salvador,76.1894,67.2887
2012,El Salvador,76.163,67.26
2013,El Salvador,76.1583,67.1464
2014,El Salvador,76.2671,66.9932
2015,El Salvador,76.5716,66.8342
2016,El Salvador,77.0754,66.7624
2017,El Salvador,77.4936,66.9081
2018,El Salvador,77.4882,67.3523
2019,El Salvador,76.7759,68.0093
2020,El Salvador,75.413,66.4318
2021,El Salvador,75.1492,66.0775
2010,Equatorial Guinea,59.5834,56.2608
2011,Equatorial Guinea,60.1722,56.7465
2012,Equatorial Guinea,60.6467,57.1935
2013,Equatorial Guinea,60.9858,57.5848
2014,Equatorial Guinea,61.4518,57.8963
2015,Equatorial Guinea,62.0543,58.3429
2016,Equatorial Guinea,62.3319,58.8132
2017,Equatorial Guinea,62.832,59.0459
2018,Equatorial Guinea,63.0419,59.5558
2019,Equatorial Guinea,63.5396,59.9836
2020,Equatorial Guinea,62.9432,58.8115
2021,Equatorial Guinea,62.7256,58.7813
2010,Eritrea,65.5469,61.9764
2011,Eritrea,66.3298,62.4274
2012,Eritrea,66.6584,62.9645
2013,Eritrea,66.8958,63.1812
2014,Eritrea,67.5885,63.5559
2015,Eritrea,67.9805,64.0216
2016,Eritrea,68.3,64.2129
2017,Eritrea,68.5302,64.5523
2018,Eritrea,69.1147,64.947
2019,Eritrea,69.3088,65.2159
2020,Eritrea,69.3372,64.8623
2021,Eritrea,68.6547,64.3495
2010,Estonia,80.4377,70.6781
2011,Estonia,81.0217,71.4837
2012,Estonia,81.141,71.5375
2013,Estonia,81.2604,72.5414
2014,Estonia,81.4457,72.4133
2015,Estonia,81.7281,73.1381
2016,Estonia,81.9893,73.2285
2017,Estonia,81.9987,73.5382
2018,Estonia,82.124,73.7562
2019,Estonia,82.5955,74.3353
2020,Estonia,82.2559,74.0583
2021,Estonia,81.2311,72.8152
2010,Eswatini,48.3063,44.9233
2011,Eswatini,50.1814,46.2419
2012,Eswatini,52.0196,47.7032
2013,Eswatini,53.9847,49.0751
2014,Eswatini,55.917,50.3145
2015,Eswatini,58.1279,52.0618
2016,Eswatini,60.0305,53.4686
2017,Eswatini,61.5431,54.4703
2018,Eswatini,63.1694,55.8817
2019,Eswatini,64.3534,56.9752
2020,Eswatini,63.6776,56.0261
2021,Eswatini,61.2485,53.366
2010,Ethiopia,61.8489,57.7197
2011,Ethiopia,62.874,58.6746
2012,Ethiopia,63.8044,59.3971
2013,Ethiopia,64.8948,59.9949
2014,Ethiopia,65.3609,60.5785
2015,Ethiopia,66.3256,61.126
2016,Ethiopia,67.3412,61.6278
2017,Ethiopia,67.5326,62.2883
2018,Ethiopia,68.3975,62.606
2019,Ethiopia,68.795,63.051
2020,Ethiopia,68.4263,62.5173
2021,Ethiopia,68.2852,61.91
2010,Falkland Islands,79.7718,75.9328
2011,Falkland Islands,80.151,76.332
2012,Falkland Islands,80.0209,76.4669
2013,Falkland Islands,80.126,76.539
2014,Falkland Islands,80.3848,76.7967
2015,Falkland Islands,80.051,76.5629
2016,Falkland Islands,80.2258,76.7349
2017,Falkland Islands,80.3302,76.8204
2018,Falkland Islands,80.3103,76.8062
2019,Falkland Islands,80.7172,76.7265
2020,Falkland Islands,80.7794,76.2449
2021,Falkland Islands,80.975,76.4573
2010,Faroe Islands,78.9212,75.7222
2011,Faroe Islands,80.1284,76.517
2012,Faroe Islands,80.6337,77.4178
2013,Faroe Islands,80.8757,76.9925
2014,Faroe Islands,82.5718,77.543
2015,Faroe Islands,82.0207,77.717
2016,Faroe Islands,81.7957,78.682
2017,Faroe Islands,77.8874,78.201
2018,Faroe Islands,78.9054,77.9358
2019,Faroe Islands,80.2042,76.8521
2020,Faroe Islands,81.0809,77.8997
2021,Faroe Islands,81.0091,77.711
2010,Fiji,69.2713,65.5362
2011,Fiji,69.5212,65.6783
2012,Fiji,69.4125,65.8093
2013,Fiji,69.3801,65.6088
2014,Fiji,69.3472,65.5364
2015,Fiji,68.9317,64.915
2016,Fiji,69.1368,65.4464
2017,Fiji,69.6562,66.0076
2018,Fiji,69.6636,66.0314
2019,Fiji,69.7284,66.1256
2020,Fiji,69.743,66.1664
2021,Fiji,68.8768,65.4261
2010,Finland,83.2469,76.7226
2011,Finland,83.5321,77.1908
2012,Finland,83.4152,77.5045
2013,Finland,83.822,77.8776
2014,Finland,83.8417,78.1212
2015,Finland,84.173,78.5982
2016,Finland,84.1186,78.4238
2017,Finland,84.2209,78.7188
2018,Finland,84.3049,78.9066
2019,Finland,84.5187,79.1764
2020,Finland,84.6525,79.0719
2021,Finland,84.7177,79.3458
2010,France,84.686,78.0182
2011,France,85.0332,78.4285
2012,France,84.8976,78.4994
2013,France,85.1033,78.7721
2014,France,85.4961,79.2803
2015,France,85.2056,79.025
2016,France,85.3987,79.3283
2017,France,85.3543,79.4501
2018,France,85.4878,79.5575
2019,France,85.6123,79.72
2020,France,85.1712,79.1693
2021,France,85.485,79.425
2010,French Guiana,79.1179,72.8219
2011,French Guiana,79.4435,73.4506
2012,French Guiana,79.7539,73.4875
2013,French Guiana,79.6573,73.6792
2014,French Guiana,79.6461,73.9929
2015,French Guiana,79.647,74.0618
2016,French Guiana,79.6299,73.9728
2017,French Guiana,79.6531,74.0805
2018,French Guiana,79.7314,74.139
2019,French Guiana,79.8588,74.2086
2020,French Guiana,79.8813,74.2867
2021,French Guiana,78.0356,72.062
2010,French Polynesia,83.8118,78.6319
2011,French Polynesia,84.2033,79.0315
2012,French Polynesia,84.5255,79.3737
2013,French Polynesia,84.776,79.6466
2014,French Polynesia,84.952,79.8471
2015,French Polynesia,85.0812,79.9903
2016,French Polynesia,85.1862,80.1416
2017,French Polynesia,85.2899,80.2908
2018,French Polynesia,85.4269,80.4744
2019,French Polynesia,85.6083,80.704
2020,French Polynesia,85.8339,79.321
2021,French Polynesia,82.6322,76.9746
2010,Gabon,65.8434,62.0816
2011,Gabon,66.0941,62.1574
2012,Gabon,66.7592,62.6082
2013,Gabon,67.0075,62.7619
2014,Gabon,67.248,62.9368
2015,Gabon,67.826,63.3566
2016,Gabon,68.003,63.8369
2017,Gabon,68.736,63.9517
2018,Gabon,68.7886,64.1145
2019,Gabon,68.8652,64.5812
2020,Gabon,69.1163,64.258
2021,Gabon,68.4944,63.4876
2010,Gambia,61.6417,59.7871
2011,Gambia,62.547,60.5015
2012,Gambia,63.3468,60.8487
2013,Gambia,63.0823,61.1406
2014,Gambia,63.4751,61.0644
2015,Gambia,63.5825,61.4026
2016,Gambia,64.2642,61.7626
2017,Gambia,64.2838,61.7093
2018,Gambia,64.2515,61.8264
2019,Gambia,65.1857,62.3302
2020,Gambia,64.2348,61.0229
2021,Gambia,63.5287,60.6559
2010,Georgia,76.5721,67.6034
2011,Georgia,76.8544,67.8563
2012,Georgia,77.2051,67.6513
2013,Georgia,77.4362,67.8657
2014,Georgia,77.9342,68.3092
2015,Georgia,78.1311,68.4772
2016,Georgia,78.4301,68.696
2017,Georgia,78.224,68.8357
2018,Georgia,78.1534,68.4946
2019,Georgia,78.4289,68.4931
2020,Georgia,77.8736,67.7404
2021,Georgia,76.6807,66.8028
2010,Germany,82.6215,77.4407
2011,Germany,82.8333,77.7756
2012,Germany,82.9472,77.9738
2013,Germany,82.8637,77.9898
2014,Germany,83.325,78.4309
2015,Germany,82.9765,78.1313
2016,Germany,83.2671,78.3859
2017,Germany,83.2892,78.5623
2018,Germany,83.596,78.7169
2019,Germany,83.9653,79.1279
2020,Germany,83.6455,78.6565
2021,Germany,83.2215,78.0809
2010,Ghana,62.4852,59.8269
2011,Ghana,63.2328,60.0797
2012,Ghana,63.9705,60.2191
2013,Ghana,64.0719,60.7777
2014,Ghana,64.924,61.1876
2015,Ghana,64.9865,61.3793
2016,Ghana,65.8731,61.9332
2017,Ghana,65.9219,62.1233
2018,Ghana,66.0489,62.2152
2019,Ghana,66.8249,62.6861
2020,Ghana,66.3852,61.8995
2021,Ghana,66.0136,61.6304
2010,Gibraltar,84.0956,77.8003
2011,Gibraltar,85.461,78.3258
2012,Gibraltar,85.621,80.9219
2013,Gibraltar,83.6368,77.5395
2014,Gibraltar,86.2898,77.8032
2015,Gibraltar,84.2309,76.8774
2016,Gibraltar,84.0069,79.3306
2017,Gibraltar,84.0175,79.5806
2018,Gibraltar,84.2257,80.0179
2019,Gibraltar,84.288,80.3736
2020,Gibraltar,84.112,80.2493
2021,Gibraltar,81.7015,77.1084
2010,Greece,83.4436,77.7217
2011,Greece,83.6318,77.6445
2012,Greece,83.355,77.4943
2013,Greece,83.9701,78.1318
2014,Greece,83.9804,78.1834
2015,Greece,83.5783,77.8971
2016,Greece,83.9174,78.5067
2017,Greece,83.5963,78.2083
2018,Greece,84.1227,78.7577
2019,Greece,83.8635,78.7107
2020,Greece,83.5386,78.3822
2021,Greece,82.8521,77.4923
2010,Greenland,73.7818,67.7942
2011,Greenland,74.3697,68.2313
2012,Greenland,74.9595,68.8355
2013,Greenland,75.4395,69.4458
2014,Greenland,75.5369,69.297
2015,Greenland,75.7059,69.4826
2016,Greenland,75.9808,69.4433
2017,Greenland,75.5357,70.3834
2018,Greenland,75.3491,69.8951
2019,Greenland,75.5401,69.7923
2020,Greenland,75.6133,69.8653
2021,Greenland,75.7036,69.9153
2010,Grenada,77.6324,72.504
2011,Grenada,78.0668,72.6918
2012,Grenada,77.8947,72.3854
2013,Grenada,77.9028,72.514
2014,Grenada,78.0045,72.2071
2015,Grenada,78.0516,72.2192
2016,Grenada,77.8138,71.9685
2017,Grenada,77.7719,72.0048
2018,Grenada,77.7959,72.0604
2019,Grenada,77.8338,72.1286
2020,Grenada,77.8688,72.2084
2021,Grenada,77.8979,72.2123
2010,Guadeloupe,83.8912,76.8616
2011,Guadeloupe,84.4718,77.2794
2012,Guadeloupe,85.1,77.8088
2013,Guadeloupe,85.003,77.5644
2014,Guadeloupe,85.4059,77.8358
2015,Guadeloupe,85.3271,78.0753
2016,Guadeloupe,85.801,78.8822
2017,Guadeloupe,85.8323,78.7407
2018,Guadeloupe,85.7076,78.8432
2019,Guadeloupe,85.9444,79.1453
2020,Guadeloupe,85.7956,78.6391
2021,Guadeloupe,83.7109,76.9503
2010,Guam,80.5237,73.5755
2011,Guam,80.9789,73.2167
2012,Guam,80.6571,73.16
2013,Guam,80.5259,73.2721
2014,Guam,80.6798,73.2016
2015,Guam,80.5322,73.0764
2016,Guam,80.7712,73.3389
2017,Guam,81.0427,73.6075
2018,Guam,81.3142,73.8868
2019,Guam,81.5758,74.1644
2020,Guam,81.8681,72.1972
2021,Guam,80.7036,72.982
2010,Guatemala,74.2903,67.55
2011,Guatemala,74.5251,67.9071
2012,Guatemala,74.7313,68.265
2013,Guatemala,74.9274,68.5912
2014,Guatemala,75.1003,68.8821
2015,Guatemala,75.1782,69.0753
2016,Guatemala,75.3922,69.3591
2017,Guatemala,75.5204,69.6134
2018,Guatemala,75.5708,69.8962
2019,Guatemala,75.8119,70.4387
2020,Guatemala,75.545,68.2581
2021,Guatemala,72.6514,66.0046
2010,Guernsey,84.3556,80.331
2011,Guernsey,84.8009,80.8243
2012,Guernsey,84.2086,80.4719
2013,Guernsey,84.1946,80.3897
2014,Guernsey,84.6523,80.874
2015,Guernsey,84.0799,80.3885
2016,Guernsey,84.4264,80.7379
2017,Guernsey,83.9147,80.2067
2018,Guernsey,84.1343,80.4117
2019,Guernsey,84.1222,80.632
2020,Guernsey,84.0152,80.4404
2021,Guernsey,84.0023,80.4448
2010,Guinea,57.8418,55.5176
2011,Guinea,58.1069,55.8513
2012,Guinea,58.7308,55.9952
2013,Guinea,59.0068,56.4888
2014,Guinea,59.2479,56.4336
2015,Guinea,59.3069,56.8745
2016,Guinea,59.6897,57.7607
2017,Guinea,60.2122,57.9256
2018,Guinea,60.2982,58.326
2019,Guinea,60.8172,58.5438
2020,Guinea,60.4487,58.1131
2021,Guinea,60.0985,57.595
2010,Guinea-Bissau,58.4388,53.9235
2011,Guinea-Bissau,59.0589,54.7675
2012,Guinea-Bissau,59.7907,55.4777
2013,Guinea-Bissau,60.3272,56.0226
2014,Guinea-Bissau,60.6786,56.4223
2015,Guinea-Bissau,61.2106,56.9245
2016,Guinea-Bissau,61.7766,57.4473
2017,Guinea-Bissau,62.037,57.9689
2018,Guinea-Bissau,62.6143,58.2628
2019,Guinea-Bissau,62.8717,58.7631
2020,Guinea-Bissau,62.2647,57.6123
2021,Guinea-Bissau,61.7958,57.3925
2010,Guyana,70.2369,63.5637
2011,Guyana,70.5182,63.7658
2012,Guyana,70.8136,63.972
2013,Guyana,71.1183,64.1578
2014,Guyana,71.316,64.6888
2015,Guyana,71.6316,64.9801
2016,Guyana,71.8822,65.0824
2017,Guyana,72.2069,65.3033
2018,Guyana,72.4388,65.5031
2019,Guyana,72.6584,65.8056
2020,Guyana,72.118,65.0748
2021,Guyana,69.1042,62.4812
2010,Haiti,46.2514,45.7576
2011,Haiti,64.1256,59.202
2012,Haiti,64.8042,59.8566
2013,Haiti,65.2107,60.0863
2014,Haiti,65.6837,60.3872
2015,Haiti,65.9535,60.617
2016,Haiti,66.2348,60.6606
2017,Haiti,66.732,61.0873
2018,Haiti,66.9187,61.2312
2019,Haiti,67.3292,61.3141
2020,Haiti,67.1177,61.1313
2021,Haiti,66.1191,60.399
2010,Honduras,73.2785,69.0378
2011,Honduras,73.7758,69.261
2012,Honduras,74.1692,69.4707
2013,Honduras,74.4967,69.6127
2014,Honduras,74.6319,70.0364
2015,Honduras,74.991,70.15
2016,Honduras,75.0777,70.2568
2017,Honduras,75.1876,70.3513
2018,Honduras,75.318,70.4612
2019,Honduras,75.3704,70.5342
2020,Honduras,73.9873,69.1265
2021,Honduras,72.5341,67.8945
2010,Hong Kong,85.9442,80.1845
2011,Hong Kong,86.1828,80.4207
2012,Hong Kong,86.5122,80.7406
2013,Hong Kong,86.7536,80.9825
2014,Hong Kong,86.9715,81.2888
2015,Hong Kong,87.1518,81.5216
2016,Hong Kong,87.4951,81.6884
2017,Hong Kong,87.9349,81.969
2018,Hong Kong,88.3202,82.2681
2019,Hong Kong,88.1288,82.4685
2020,Hong Kong,88.2818,82.2385
2021,Hong Kong,88.3257,82.6613
2010,Hungary,78.3171,70.5575
2011,Hungary,78.486,71.1441
2012,Hungary,78.6161,71.5508
2013,Hungary,79.0095,72.124
2014,Hungary,79.2303,72.251
2015,Hungary,78.8692,72.2282
2016,Hungary,79.5637,72.5551
2017,Hungary,79.2727,72.555
2018,Hungary,79.5274,72.717
2019,Hungary,79.6877,73.0512
2020,Hungary,79.0266,72.3191
2021,Hungary,77.9211,71.1047
2010,Iceland,83.8088,79.6277
2011,Iceland,83.8147,80.5037
2012,Iceland,83.7808,81.2683
2013,Iceland,83.5002,80.3377
2014,Iceland,84.2715,80.936
2015,Iceland,83.5876,81.0744
2016,Iceland,83.8242,80.2636
2017,Iceland,83.9182,81.1302
2018,Iceland,84.2618,81.2835
2019,Iceland,83.9463,80.8941
2020,Iceland,84.089,81.0961
2021,Iceland,84.1804,81.2138
2010,India,68.6449,65.3268
2011,India,69.1058,65.7651
2012,India,69.5921,66.3242
2013,India,70.0831,66.9607
2014,India,70.6017,67.6506
2015,India,71.0767,68.2846
2016,India,71.5029,68.8102
2017,India,71.8561,69.1595
2018,India,72.1423,69.3672
2019,India,72.3954,69.5255
2020,India,71.8237,68.6147
2021,India,68.8864,65.7563
2010,Indonesia,70.4345,66.9301
2011,Indonesia,70.5714,67.0793
2012,Indonesia,70.7803,67.1773
2013,Indonesia,71.3458,67.2285
2014,Indonesia,71.4657,67.6239
2015,Indonesia,71.6287,67.7913
2016,Indonesia,71.7515,67.8703
2017,Indonesia,71.898,68.0015
2018,Indonesia,72.4034,68.3112
2019,Indonesia,72.5969,68.4813
2020,Indonesia,70.9818,66.7447
2021,Indonesia,69.7437,65.5327
2010,Iran,75.7283,70.6309
2011,Iran,76.3834,71.1913
2012,Iran,76.9576,71.6407
2013,Iran,77.2113,71.9047
2014,Iran,77.3612,72.3826
2015,Iran,77.7646,72.6698
2016,Iran,78.3359,73.06
2017,Iran,78.9036,73.2705
2018,Iran,79.091,73.5185
2019,Iran,79.0548,73.3788
2020,Iran,77.8168,72.1024
2021,Iran,76.8085,71.2463
2010,Iraq,70.1449,63.9291
2011,Iraq,70.3476,64.8757
2012,Iraq,70.5179,65.4178
2013,Iraq,70.7019,65.694
2014,Iraq,71.1747,66.5225
2015,Iraq,71.2134,67.5149
2016,Iraq,72.3799,65.6138
2017,Iraq,73.2346,67.5125
2018,Iraq,73.2932,69.559
2019,Iraq,73.4283,69.5591
2020,Iraq,71.1852,66.9537
2021,Iraq,72.4219,68.2004
2010,Ireland,82.7483,78.2515
2011,Ireland,82.7825,78.4423
2012,Ireland,82.8734,78.5945
2013,Ireland,82.9822,78.9201
2014,Ireland,83.319,79.2601
2015,Ireland,83.2871,79.5194
2016,Ireland,83.429,79.6477
2017,Ireland,83.7185,80.1009
2018,Ireland,83.8779,80.2878
2019,Ireland,84.0395,80.4756
2020,Ireland,84.1308,80.8101
2021,Ireland,83.7675,80.2476
2010,Isle of Man,81.3711,76.6145
2011,Isle of Man,81.5092,76.8862
2012,Isle of Man,81.6566,77.04
2013,Isle of Man,81.7935,77.1837
2014,Isle of Man,81.9395,78.1096
2015,Isle of Man,80.7624,77.0524
2016,Isle of Man,82.2103,78.4102
2017,Isle of Man,82.3544,78.5597
2018,Isle of Man,82.4884,78.7086
2019,Isle of Man,82.6295,78.857
2020,Isle of Man,82.5359,78.6722
2021,Isle of Man,82.5307,78.5643
2010,Israel,83.5638,79.7951
2011,Israel,83.4668,79.8675
2012,Israel,83.4887,79.8661
2013,Israel,83.8402,80.2778
2014,Israel,84.0262,80.3104
2015,Israel,84.0401,80.057
2016,Israel,84.1867,80.6822
2017,Israel,84.5883,80.7492
2018,Israel,84.7081,80.8398
2019,Israel,84.6617,80.8734
2020,Israel,84.47,80.1854
2021,Israel,84.2953,80.1535
2010,Italy,84.5189,79.5431
2011,Italy,84.5534,79.7083
2012,Italy,84.5098,79.8117
2013,Italy,84.9077,80.2107
2014,Italy,85.1166,80.4987
2015,Italy,84.6547,80.2293
2016,Italy,85.1802,80.7379
2017,Italy,84.8565,80.4499
2018,Italy,85.2678,80.9483
2019,Italy,85.6027,81.357
2020,Italy,84.6905,80.0355
2021,Italy,85.0955,80.5189
2010,Jamaica,74.6666,70.5789
2011,Jamaica,74.9973,71.1758
2012,Jamaica,74.8192,72.0095
2013,Jamaica,74.555,72.2339
2014,Jamaica,74.2101,71.727
2015,Jamaica,73.9708,70.7983
2016,Jamaica,73.9174,70.1214
2017,Jamaica,73.9115,69.9157
2018,Jamaica,73.9027,69.6951
2019,Jamaica,73.8735,69.6684
2020,Jamaica,73.9185,69.8177
2021,Jamaica,72.543,68.469
2010,Japan,86.233,79.5145
2011,Japan,85.852,79.4122
2012,Japan,86.3543,79.9125
2013,Japan,86.554,80.183
2014,Japan,86.7584,80.4585
2015,Japan,86.9674,80.7319
2016,Japan,87.11,80.9425
2017,Japan,87.2625,81.0703
2018,Japan,87.3103,81.2248
2019,Japan,87.4273,81.3763
2020,Japan,87.7238,81.6067
2021,Japan,87.7313,81.8018
2010,Jersey,82.5435,78.003
2011,Jersey,83.3182,78.6125
2012,Jersey,82.9435,78.3557
2013,Jersey,83.3241,78.6357
2014,Jersey,83.6883,78.8898
2015,Jersey,83.228,78.5822
2016,Jersey,82.8989,78.3069
2017,Jersey,83.2215,78.535
2018,Jersey,83.1685,78.4962
2019,Jersey,83.1373,78.4682
2020,Jersey,83.0261,78.3834
2021,Jersey,82.9857,78.3436
2010,Jordan,76.1283,72.1168
2011,Jordan,76.3784,72.2596
2012,Jordan,76.6045,72.3987
2013,Jordan,76.8389,72.5652
2014,Jordan,77.0612,72.7965
2015,Jordan,77.2681,73.0299
2016,Jordan,77.4846,73.2216
2017,Jordan,77.8313,73.4596
2018,Jordan,78.1718,73.6774
2019,Jordan,78.5064,73.8944
2020,Jordan,77.7718,72.9874
2021,Jordan,76.7726,72.1277
2010,Kazakhstan,72.4727,63.5723
2011,Kazakhstan,72.9761,64.2935
2012,Kazakhstan,73.5283,64.5266
2013,Kazakhstan,73.8859,65.4715
2014,Kazakhstan,74.3605,66.0183
2015,Kazakhstan,74.7555,66.4023
2016,Kazakhstan,74.3191,67.1483
2017,Kazakhstan,75.0361,67.4246
2018,Kazakhstan,75.0127,67.6042
2019,Kazakhstan,75.2815,67.5468
2020,Kazakhstan,74.1797,65.7469
2021,Kazakhstan,73.0814,65.4761
2010,Kenya,62.3762,58.9016
2011,Kenya,63.0011,59.0953
2012,Kenya,63.0691,59.1692
2013,Kenya,63.1935,59.5756
2014,Kenya,63.9794,59.6887
2015,Kenya,64.1453,59.6929
2016,Kenya,64.2044,60.149
2017,Kenya,64.9609,60.0933
2018,Kenya,65.1579,60.2875
2019,Kenya,65.2753,60.6781
2020,Kenya,65.0621,60.3723
2021,Kenya,64.0899,58.9354
2010,Kiribati,66.6248,63.2426
2011,Kiribati,66.793,63.4134
2012,Kiribati,66.9657,63.6074
2013,Kiribati,67.1701,63.8163
2014,Kiribati,67.3872,64.0439
2015,Kiribati,67.6262,64.2848
2016,Kiribati,67.9378,64.5142
2017,Kiribati,68.2427,64.7353
2018,Kiribati,68.5207,64.9698
2019,Kiribati,68.782,65.2948
2020,Kiribati,68.9478,65.3484
2021,Kiribati,69.0959,65.504
2010,Kosovo,80.2736,75.133
2011,Kosovo,80.4799,75.154
2012,Kosovo,81.0428,75.6514
2013,Kosovo,81.4333,75.8765
2014,Kosovo,81.6944,76.1735
2015,Kosovo,81.632,76.282
2016,Kosovo,81.4938,76.4938
2017,Kosovo,81.2642,76.3196
2018,Kosovo,81.0281,76.3528
2019,Kosovo,81.3256,76.6884
2020,Kosovo,79.268,73.9897
2021,Kosovo,79.5529,74.1512
2010,Kuwait,80.1054,76.3991
2011,Kuwait,80.6171,76.8358
2012,Kuwait,81.0717,77.1499
2013,Kuwait,81.5423,77.4628
2014,Kuwait,81.7721,77.8061
2015,Kuwait,82.0035,77.9157
2016,Kuwait,82.2027,78.1746
2017,Kuwait,82.303,78.2402
2018,Kuwait,82.2812,78.2317
2019,Kuwait,82.2662,78.2495
2020,Kuwait,80.023,75.3502
2021,Kuwait,81.4628,77.1925
2010,Kyrgyzstan,72.2208,64.3458
2011,Kyrgyzstan,72.6762,64.5674
2012,Kyrgyzstan,72.9736,65.0721
2013,Kyrgyzstan,72.9997,65.4581
2014,Kyrgyzstan,73.7369,66.0579
2015,Kyrgyzstan,73.3921,66.5529
2016,Kyrgyzstan,74.1224,66.4566
2017,Kyrgyzstan,74.3208,66.8535
2018,Kyrgyzstan,74.6463,66.8456
2019,Kyrgyzstan,75.3562,67.1703
2020,Kyrgyzstan,73.7747,65.6489
2021,Kyrgyzstan,74.3515,65.8
2010,Laos,66.1562,61.9174
2011,Laos,66.5909,62.9691
2012,Laos,67.3681,63.4511
2013,Laos,67.6632,63.8767
2014,Laos,68.5068,64.346
2015,Laos,68.7236,64.7393
2016,Laos,69.346,65.122
2017,Laos,69.4683,65.5117
2018,Laos,69.5715,65.7927
2019,Laos,70.2337,66.1552
2020,Laos,70.5942,66.5188
2021,Laos,70.0778,66.1536
2010,Latvia,77.8875,67.7546
2011,Latvia,78.56,68.5081
2012,Latvia,78.4223,68.747
2013,Latvia,78.7021,69.3215
2014,Latvia,79.1809,69.3743
2015,Latvia,79.1758,69.8634
2016,Latvia,79.2191,69.9674
2017,Latvia,79.2752,70.0384
2018,Latvia,79.3965,70.3101
2019,Latvia,79.7372,70.9938
2020,Latvia,79.5378,71.0401
2021,Latvia,77.8257,69.2021
2010,Lebanon,79.9159,76.1358
2011,Lebanon,80.1339,76.4072
2012,Lebanon,80.3205,76.6661
2013,Lebanon,80.4788,76.7825
2014,Lebanon,80.704,76.9706
2015,Lebanon,80.9511,77.2338
2016,Lebanon,81.264,77.4918
2017,Lebanon,81.4747,77.5994
2018,Lebanon,81.4548,77.7845
2019,Lebanon,81.0425,77.2507
2020,Lebanon,79.895,75.6372
2021,Lebanon,77.2512,72.8466
2010,Lesotho,48.1765,43.2142
2011,Lesotho,49.261,44.3015
2012,Lesotho,50.4858,45.3604
2013,Lesotho,51.7526,46.4279
2014,Lesotho,52.8068,47.4186
2015,Lesotho,53.8597,48.48
2016,Lesotho,55.0962,49.5639
2017,Lesotho,55.8996,50.3507
2018,Lesotho,56.5908,50.9924
2019,Lesotho,57.0528,51.4061
2020,Lesotho,57.5374,51.9621
2021,Lesotho,55.9266,50.3736
2010,Liberia,60.6435,58.1928
2011,Liberia,60.8422,58.3683
2012,Liberia,61.1478,58.6511
2013,Liberia,61.1236,58.7362
2014,Liberia,60.2132,58.0024
2015,Liberia,60.3732,57.8978
2016,Liberia,61.5536,59.2552
2017,Liberia,61.6942,59.3911
2018,Liberia,62.1641,59.5248
2019,Liberia,62.2977,59.8925
2020,Liberia,62.3545,59.5283
2021,Liberia,62.0722,59.4109
2010,Libya,74.8835,70.1818
2011,Libya,73.8595,66.8332
2012,Libya,75.0689,69.7737
2013,Libya,74.9994,69.9833
2014,Libya,75.3007,68.2367
2015,Libya,75.3691,68.5
2016,Libya,75.4741,68.5006
2017,Libya,75.6736,69.6298
2018,Libya,75.8769,70.017
2019,Libya,75.7661,69.4959
2020,Libya,75.3484,69.8666
2021,Libya,74.3956,69.6305
2010,Liechtenstein,84.3201,79.5124
2011,Liechtenstein,84.2216,79.5124
2012,Liechtenstein,85.2069,79.708
2013,Liechtenstein,83.9243,80.7172
2014,Liechtenstein,83.2197,81.0203
2015,Liechtenstein,84.5161,80.9196
2016,Liechtenstein,84.0237,80.6157
2017,Liechtenstein,86.0246,81.6193
2018,Liechtenstein,85.5161,80.7172
2019,Liechtenstein,85.8222,82.6034
2020,Liechtenstein,85.0059,80.5651
2021,Liechtenstein,85.35,81.101
2010,Lithuania,78.802,67.9461
2011,Lithuania,79.2415,68.4812
2012,Lithuania,79.4154,68.8451
2013,Lithuania,79.4606,69.0224
2014,Lithuania,79.7991,69.6935
2015,Lithuania,79.5034,69.5573
2016,Lithuania,79.7719,69.8333
2017,Lithuania,79.9166,70.7336
2018,Lithuania,80.1006,71.0247
2019,Lithuania,80.6318,71.5508
2020,Lithuania,80.0256,70.0673
2021,Lithuania,78.775,68.7778
2010,Luxembourg,83.1547,77.9141
2011,Luxembourg,83.1392,78.3113
2012,Luxembourg,83.0848,78.7996
2013,Luxembourg,83.2981,79.3548
2014,Luxembourg,84.4127,79.0445
2015,Luxembourg,83.9208,79.7201
2016,Luxembourg,84.4518,79.6441
2017,Luxembourg,83.8862,79.5802
2018,Luxembourg,83.974,79.6404
2019,Luxembourg,84.4216,79.8803
2020,Luxembourg,83.73,79.1896
2021,Luxembourg,84.8055,80.4463
2010,Macao,86.1639,80.0194
2011,Macao,86.292,80.147
2012,Macao,86.3406,80.2966
2013,Macao,86.8309,80.6134
2014,Macao,86.7733,80.9558
2015,Macao,86.7839,81.1439
2016,Macao,87.0178,81.4086
2017,Macao,87.0939,81.962
2018,Macao,87.439,82.3491
2019,Macao,87.5725,82.3439
2020,Macao,87.7706,82.5663
2021,Macao,87.9478,82.8226
2010,Madagascar,64.6055,61.2094
2011,Madagascar,65.433,61.642
2012,Madagascar,65.4759,61.6953
2013,Madagascar,66.2309,61.8108
2014,Madagascar,66.356,62.25
2015,Madagascar,66.3456,62.4159
2016,Madagascar,67.1357,62.952
2017,Madagascar,67.243,63.0382
2018,Madagascar,67.4323,63.2003
2019,Madagascar,68.2102,63.6621
2020,Madagascar,67.6121,62.8913
2021,Madagascar,66.8701,62.2341
2010,Malawi,58.4105,54.3315
2011,Malawi,59.8344,55.0838
2012,Malawi,61.2621,56.1157
2013,Malawi,62.6325,56.8683
2014,Malawi,64.3396,57.5767
2015,Malawi,64.6593,58.1868
2016,Malawi,65.671,58.8601
2017,Malawi,66.6442,59.4491
2018,Malawi,66.9602,59.7243
2019,Malawi,67.9678,60.4022
2020,Malawi,67.5971,60.0145
2021,Malawi,66.4685,59.4935
2010,Malaysia,77.1241,72.0913
2011,Malaysia,77.4854,72.3412
2012,Malaysia,77.5979,72.5953
2013,Malaysia,77.618,72.7351
2014,Malaysia,77.6765,72.8831
2015,Malaysia,77.7282,72.7497
2016,Malaysia,77.9384,72.9268
2017,Malaysia,78.1391,73.0986
2018,Malaysia,78.2669,73.2928
2019,Malaysia,78.3059,73.4653
2020,Malaysia,78.4719,73.6479
2021,Malaysia,77.3623,72.659
2010,Maldives,78.7946,76.7692
2011,Maldives,79.1877,77.2907
2012,Maldives,79.6107,77.9465
2013,Maldives,80.1034,78.2448
2014,Maldives,80.4059,78.6623
2015,Maldives,80.6751,78.9405
2016,Maldives,80.8138,79.1461
2017,Maldives,81.0585,79.1018
2018,Maldives,81.0736,79.2103
2019,Maldives,81.1621,79.3232
2020,Maldives,81.2731,78.8495
2021,Maldives,81.0193,79.082
2010,Mali,57.3282,55.4535
2011,Mali,57.7228,55.8078
2012,Mali,58.0804,56.1011
2013,Mali,58.4632,56.2811
2014,Mali,58.9695,56.858
2015,Mali,59.468,57.2877
2016,Mali,59.7042,57.7773
2017,Mali,60.2354,58.0587
2018,Mali,60.6944,58.1401
2019,Mali,60.8412,58.5234
2020,Mali,59.9399,57.3849
2021,Mali,60.331,57.6179
2010,Malta,83.749,79.6428
2011,Malta,83.5828,78.5956
2012,Malta,83.5516,79.0754
2013,Malta,84.5544,79.3651
2014,Malta,84.9876,80.3123
2015,Malta,85.3296,80.4442
2016,Malta,85.0842,80.9544
2017,Malta,86.1806,80.9032
2018,Malta,85.8956,80.741
2019,Malta,85.3253,81.0142
2020,Malta,86.2215,80.6141
2021,Malta,86.1085,81.4414
2010,Marshall Islands,65.119,61.668
2011,Marshall Islands,65.1777,61.6872
2012,Marshall Islands,65.2713,61.8271
2013,Marshall Islands,65.3603,61.9244
2014,Marshall Islands,65.4934,62.1063
2015,Marshall Islands,65.7046,62.307
2016,Marshall Islands,65.9056,62.5587
2017,Marshall Islands,66.1205,62.7699
2018,Marshall Islands,66.3548,62.9964
2019,Marshall Islands,66.6076,63.2329
2020,Marshall Islands,66.8825,63.4261
2021,Marshall Islands,67.1997,63.6922
2010,Martinique,84.7242,78.1315
2011,Martinique,85.1813,78.7181
2012,Martinique,85.1295,78.9651
2013,Martinique,85.073,79.463
2014,Martinique,84.9699,79.3131
2015,Martinique,84.8796,79.2454
2016,Martinique,84.9397,79.1322
2017,Martinique,85.1598,79.1155
2018,Martinique,85.3867,79.4483
2019,Martinique,85.603,79.6215
2020,Martinique,85.8203,79.9343
2021,Martinique,83.5623,77.5653
2010,Mauritania,64.748,61.4675
2011,Mauritania,65.0698,61.6556
2012,Mauritania,65.2543,61.9558
2013,Mauritania,65.6818,62.2176
2014,Mauritania,65.7827,62.5881
2015,Mauritania,66.2763,62.7613
2016,Mauritania,66.4828,63.1098
2017,Mauritania,66.9416,63.2839
2018,Mauritania,67.0747,63.5937
2019,Mauritania,67.6511,63.7772
2020,Mauritania,66.335,62.7807
2021,Mauritania,66.0979,62.6661
2010,Mauritius,77.5795,70.5805
2011,Mauritius,77.6954,70.9204
2012,Mauritius,77.6609,71.1856
2013,Mauritius,78.0484,71.4905
2014,Mauritius,78.1555,71.6669
2015,Mauritius,78.2164,71.8501
2016,Mauritius,78.271,71.8804
2017,Mauritius,78.0744,71.82
2018,Mauritius,77.9814,71.9771
2019,Mauritius,78.1786,72.1783
2020,Mauritius,77.7364,71.0776
2021,Mauritius,76.8265,70.44
2010,Mayotte,80.3657,74.612
2011,Mayotte,80.5617,74.8519
2012,Mayotte,80.7271,75.0009
2013,Mayotte,80.8305,74.9102
2014,Mayotte,80.9348,74.639
2015,Mayotte,80.9288,74.312
2016,Mayotte,80.8157,74.2914
2017,Mayotte,80.7962,74.2478
2018,Mayotte,80.7809,73.9144
2019,Mayotte,80.815,73.8394
2020,Mayotte,79.3083,72.0042
2021,Mayotte,77.8385,71.0064
2010,Mexico,77.1168,71.2953
2011,Mexico,77.3107,71.4505
2012,Mexico,77.5347,71.6513
2013,Mexico,77.7058,71.8136
2014,Mexico,77.7819,71.8593
2015,Mexico,77.6919,71.7231
2016,Mexico,77.4856,71.3981
2017,Mexico,77.3026,71.044
2018,Mexico,77.2856,70.8286
2019,Mexico,77.5736,70.9308
2020,Mexico,74.3136,66.3335
2021,Mexico,74.8637,66.0556
2010,Micronesia (country),74.4217,68.2142
2011,Micronesia (country),74.5451,68.2658
2012,Micronesia (country),74.6639,68.3071
2013,Micronesia (country),74.7599,68.4049
2014,Micronesia (country),74.8669,68.3698
2015,Micronesia (country),74.7638,68.234
2016,Micronesia (country),74.9789,68.3948
2017,Micronesia (country),74.9728,68.1702
2018,Micronesia (country),74.9551,67.92
2019,Micronesia (country),74.8423,67.5808
2020,Micronesia (country),74.5396,67.1062
2021,Micronesia (country),74.608,67.1203
2010,Moldova,73.7778,64.9927
2011,Moldova,73.6793,64.8051
2012,Moldova,73.6254,64.7806
2013,Moldova,73.5863,64.7501
2014,Moldova,73.5237,64.6953
2015,Moldova,73.8378,64.8274
2016,Moldova,74.5101,65.4739
2017,Moldova,75.0594,66.0768
2018,Moldova,75.2316,65.9209
2019,Moldova,75.6173,66.3778
2020,Moldova,74.8522,65.692
2021,Moldova,73.5466,64.4433
2010,Monaco,86.7224,82.5002
2011,Monaco,87.211,83.9227
2012,Monaco,87.0165,82.2089
2013,Monaco,87.6038,82.4034
2014,Monaco,88.1196,82.1113
2015,Monaco,88.2218,82.7068
2016,Monaco,88.2218,83.5223
2017,Monaco,87.9144,83.6228
2018,Monaco,88.7272,84.4164
2019,Monaco,88.5261,84.7091
2020,Monaco,88.4357,84.7827
2021,Monaco,87.6773,84.3428
2010,Mongolia,71.8434,63.0103
2011,Mongolia,71.6941,63.5456
2012,Mongolia,72.4603,64.1121
2013,Mongolia,72.8844,64.594
2014,Mongolia,73.2828,65.0744
2015,Mongolia,73.6841,65.5343
2016,Mongolia,74.0483,65.8811
2017,Mongolia,74.293,66.3281
2018,Mongolia,75.8293,66.8113
2019,Mongolia,76.6449,67.2539
2020,Mongolia,77.0203,67.5019
2021,Mongolia,75.6958,66.5368
2010,Montenegro,78.8622,73.2808
2011,Montenegro,79.0576,73.0126
2012,Montenegro,78.5388,73.9445
2013,Montenegro,79.4185,73.7028
2014,Montenegro,79.7308,73.6984
2015,Montenegro,79.4045,74.0044
2016,Montenegro,79.4839,73.9257
2017,Montenegro,79.8971,73.9386
2018,Montenegro,79.9355,74.2994
2019,Montenegro,80.2188,73.8667
2020,Montenegro,79.4679,73.1076
2021,Montenegro,79.8119,72.9973
2010,Montserrat,75.5302,73.2877
2011,Montserrat,75.7927,73.372
2012,Montserrat,75.9838,73.5001
2013,Montserrat,76.091,73.6937
2014,Montserrat,76.2193,73.8599
2015,Montserrat,76.3287,73.9047
2016,Montserrat,76.499,73.9707
2017,Montserrat,76.7108,74.0054
2018,Montserrat,76.871,74.0728
2019,Montserrat,77.0302,74.1329
2020,Montserrat,77.0441,73.9922
2021,Montserrat,77.238,74.3105
2010,Morocco,72.4851,69.2444
2011,Morocco,73.0232,69.6011
2012,Morocco,73.5246,69.9331
2013,Morocco,73.9762,70.3707
2014,Morocco,74.3899,70.7885
2015,Morocco,74.7772,71.1664
2016,Morocco,75.1759,71.5016
2017,Morocco,75.6644,71.7826
2018,Morocco,76.0856,72.028
2019,Morocco,76.4485,72.2453
2020,Morocco,76.3084,71.7575
2021,Morocco,76.3977,71.8927
2010,Mozambique,55.8371,52.4409
2011,Mozambique,56.5842,53.0296
2012,Mozambique,57.5213,53.6302
2013,Mozambique,58.523,54.3363
2014,Mozambique,59.4392,54.9891
2015,Mozambique,60.4397,55.7477
2016,Mozambique,61.475,56.4918
2017,Mozambique,62.2208,57.2133
2018,Mozambique,63.2337,57.7214
2019,Mozambique,63.92,58.3119
2020,Mozambique,64.1598,58.1106
2021,Mozambique,62.4325,56.2044
2010,Myanmar,66.2152,60.573
2011,Myanmar,66.9633,60.9894
2012,Myanmar,67.1824,61.2468
2013,Myanmar,67.8731,61.8992
2014,Myanmar,68.168,62.0946
2015,Myanmar,68.7443,62.5345
2016,Myanmar,68.8385,62.6832
2017,Myanmar,68.9953,62.8417
2018,Myanmar,69.6764,63.4066
2019,Myanmar,69.7985,63.5716
2020,Myanmar,69.959,63.7846
2021,Myanmar,69.0009,62.5463
2010,Namibia,58.7309,53.2749
2011,Namibia,59.5017,53.6008
2012,Namibia,60.8503,54.4326
2013,Namibia,62.029,55.3563
2014,Namibia,63.0487,56.5444
2015,Namibia,64.0302,57.3118
2016,Namibia,65.2005,58.1126
2017,Namibia,65.8796,58.6508
2018,Namibia,66.1757,58.9306
2019,Namibia,66.6372,59.4265
2020,Namibia,66.6055,59.0579
2021,Namibia,62.9849,55.7206
2010,Nauru,63.4908,56.4941
2011,Nauru,63.9713,57.1107
2012,Nauru,64.4788,57.4805
2013,Nauru,65.0085,57.9617
2014,Nauru,65.5585,58.5386
2015,Nauru,66.0301,58.9719
2016,Nauru,66.4498,59.3909
2017,Nauru,66.7594,59.6446
2018,Nauru,66.9886,59.8829
2019,Nauru,67.3212,60.0547
2020,Nauru,67.2723,59.9939
2021,Nauru,67.303,60.2615
2010,Nepal,68.5659,65.0925
2011,Nepal,69.0936,65.559
2012,Nepal,69.2229,65.7362
2013,Nepal,69.7524,66.1909
2014,Nepal,69.8184,66.3568
2015,Nepal,69.0787,65.8351
2016,Nepal,70.5146,67.0309
2017,Nepal,70.6379,67.1742
2018,Nepal,70.7187,67.2306
2019,Nepal,71.3513,67.7555
2020,Nepal,71.1727,67.3454
2021,Nepal,70.3617,66.5739
2010,Netherlands,82.7153,78.7764
2011,Netherlands,82.8477,79.1987
2012,Netherlands,82.8236,79.1438
2013,Netherlands,83.0457,79.4185
2014,Netherlands,83.2899,79.8694
2015,Netherlands,83.1283,79.7404
2016,Netherlands,83.1242,79.879
2017,Netherlands,83.3171,80.0677
2018,Netherlands,83.3262,80.1546
2019,Netherlands,83.5565,80.4634
2020,Netherlands,83.339,79.9192
2021,Netherlands,83.3568,79.9974
2010,New Caledonia,82.6113,74.3453
2011,New Caledonia,83.1602,74.7756
2012,New Caledonia,83.6859,75.2155
2013,New Caledonia,84.0848,75.7042
2014,New Caledonia,83.407,75.4217
2015,New Caledonia,82.6752,74.9389
2016,New Caledonia,83.0554,75.4223
2017,New Caledonia,83.4279,75.9079
2018,New Caledonia,83.821,76.3669
2019,New Caledonia,84.2116,76.8084
2020,New Caledonia,84.5955,77.2527
2021,New Caledonia,83.0815,75.3612
2010,New Zealand,82.9593,79.162
2011,New Zealand,82.6152,79.0884
2012,New Zealand,83.0499,79.3111
2013,New Zealand,83.4299,79.8157
2014,New Zealand,83.612,79.891
2015,New Zealand,83.741,80.1346
2016,New Zealand,83.8003,80.266
2017,New Zealand,83.999,80.3679
2018,New Zealand,84.1707,80.5338
2019,New Zealand,84.3772,80.7089
2020,New Zealand,84.5704,80.8812
2021,New Zealand,84.3213,80.5756
2010,Nicaragua,75.1276,68.854
2011,Nicaragua,75.5281,69.2633
2012,Nicaragua,75.7071,69.4839
2013,Nicaragua,75.7627,69.6125
2014,Nicaragua,75.8224,69.7703
2015,Nicaragua,75.925,70.0049
2016,Nicaragua,76.122,70.3443
2017,Nicaragua,76.3671,70.6857
2018,Nicaragua,76.6806,70.9639
2019,Nicaragua,77.0005,71.0659
2020,Nicaragua,75.012,68.6479
2021,Nicaragua,76.8026,70.8357
2010,Niger,59.0405,57.6541
2011,Niger,59.6918,58.2628
2012,Niger,60.2522,59.0131
2013,Niger,60.9521,59.499
2014,Niger,61.5443,60.0059
2015,Niger,62.0953,60.0692
2016,Niger,62.5993,60.6563
2017,Niger,63.145,61.1764
2018,Niger,63.2947,61.6109
2019,Niger,63.9386,61.8677
2020,Niger,62.4539,60.4724
2021,Niger,62.7943,60.4065
2010,Nigeria,51.4038,50.4832
2011,Nigeria,51.7907,50.9204
2012,Nigeria,51.896,51.0941
2013,Nigeria,52.1147,51.2949
2014,Nigeria,52.196,51.3826
2015,Nigeria,52.2016,51.4768
2016,Nigeria,52.2288,51.8481
2017,Nigeria,52.5886,52.0165
2018,Nigeria,52.7698,52.3311
2019,Nigeria,53.1647,52.6513
2020,Nigeria,53.3226,52.4556
2021,Nigeria,53.0701,52.2846
2010,Niue,70.4915,66.5669
2011,Niue,70.769,67.2457
2012,Niue,70.9737,67.7311
2013,Niue,71.2013,68.1064
2014,Niue,71.3952,68.4468
2015,Niue,71.6274,68.7004
2016,Niue,71.7945,68.8971
2017,Niue,71.9747,69.0248
2018,Niue,72.1673,69.0696
2019,Niue,72.3302,69.1245
2020,Niue,72.4749,69.0867
2021,Niue,72.5995,68.9882
2010,North Korea,73.5346,66.4999
2011,North Korea,74.0584,67.1306
2012,North Korea,74.634,67.8977
2013,North Korea,75.294,68.694
2014,North Korea,75.8592,69.4731
2015,North Korea,75.5149,69.7428
2016,North Korea,75.5145,69.854
2017,North Korea,75.6235,70.1541
2018,North Korea,75.6325,70.3067
2019,North Korea,75.6997,70.6254
2020,North Korea,75.7252,70.7929
2021,North Korea,75.7426,70.8305
2010,North Macedonia,77.4645,72.8473
2011,North Macedonia,77.4568,72.9781
2012,North Macedonia,77.3213,73.0056
2013,North Macedonia,78.1708,73.607
2014,North Macedonia,78.2054,73.705
2015,North Macedonia,78.195,73.8007
2016,North Macedonia,78.2657,73.8284
2017,North Macedonia,78.5693,74.3865
2018,North Macedonia,79.5742,75.0617
2019,North Macedonia,79.4589,75.1239
2020,North Macedonia,77.4973,72.9423
2021,North Macedonia,76.1561,71.6616
2010,Northern Mariana Islands,79.3995,75.8461
2011,Northern Mariana Islands,79.2281,75.7375
2012,Northern Mariana Islands,79.0649,75.5207
2013,Northern Mariana Islands,78.9547,75.4171
2014,Northern Mariana Islands,78.8561,75.3311
2015,Northern Mariana Islands,78.7744,75.2552
2016,Northern Mariana Islands,78.7387,75.2204
2017,Northern Mariana Islands,78.8071,75.2763
2018,Northern Mariana Islands,78.7661,75.2733
2019,Northern Mariana Islands,79.0318,75.4681
2020,Northern Mariana Islands,79.184,75.5298
2021,Northern Mariana Islands,79.2194,75.5563
2010,Norway,83.156,78.8461
2011,Norway,83.4344,79.0008
2012,Norway,83.4128,79.4108
2013,Norway,83.6153,79.6613
2014,Norway,84.0945,80.0213
2015,Norway,84.1316,80.3587
2016,Norway,84.1588,80.6134
2017,Norway,84.2733,80.9156
2018,Norway,84.4832,81.0027
2019,Norway,84.6942,81.1767
2020,Norway,84.8846,81.4738
2021,Norway,84.8787,81.5622
2010,Oman,78.4981,74.6394
2011,Oman,78.6725,75.1064
2012,Oman,78.9003,75.7072
2013,Oman,79.0843,75.9129
2014,Oman,79.3125,76.0975
2015,Oman,79.5426,76.332
2016,Oman,79.7989,76.5445
2017,Oman,79.8394,76.5255
2018,Oman,79.898,76.5341
2019,Oman,79.9474,76.5427
2020,Oman,76.7879,73.2893
2021,Oman,74.7155,70.9841
2010,Pakistan,66.8888,62.3087
2011,Pakistan,67.0656,62.539
2012,Pakistan,67.1942,62.6659
2013,Pakistan,67.6163,62.9791
2014,Pakistan,67.7176,63.1285
2015,Pakistan,68.1686,63.5015
2016,Pakistan,68.3249,63.6843
2017,Pakistan,68.8161,64.02
2018,Pakistan,68.9592,64.2223
2019,Pakistan,69.0961,64.5953
2020,Pakistan,68.8245,63.9446
2021,Pakistan,68.6228,63.7866
2010,Palau,68.7223,63.0388
2011,Palau,68.1374,62.698
2012,Palau,67.5711,62.3326
2013,Palau,67.0107,61.9128
2014,Palau,66.6425,61.5494
2015,Palau,66.6769,61.3474
2016,Palau,66.9928,61.3089
2017,Palau,67.4791,61.3585
2018,Palau,68.0457,61.4754
2019,Palau,68.7329,61.6891
2020,Palau,69.5912,61.9974
2021,Palau,70.5753,62.4323
2010,Palestine,75.0905,70.9156
2011,Palestine,75.384,71.1051
2012,Palestine,75.6636,71.2793
2013,Palestine,75.955,72.0915
2014,Palestine,75.5194,69.8159
2015,Palestine,76.4426,72.3662
2016,Palestine,76.6846,72.4291
2017,Palestine,76.9352,72.7292
2018,Palestine,77.1367,72.4639
2019,Palestine,77.3377,73.1283
2020,Palestine,76.6828,72.1639
2021,Palestine,75.9386,71.0939
2010,Panama,79.7333,73.3251
2011,Panama,79.8706,73.5371
2012,Panama,79.9911,73.7873
2013,Panama,80.138,74.0667
2014,Panama,80.2994,74.3171
2015,Panama,80.5155,74.54
2016,Panama,80.7356,74.6923
2017,Panama,80.9248,74.7915
2018,Panama,81.0243,74.8263
2019,Panama,80.9536,74.7892
2020,Panama,80.0343,73.4724
2021,Panama,79.594,73.0499
2010,Papua New Guinea,65.2683,61.2975
2011,Papua New Guinea,66.1209,61.5101
2012,Papua New Guinea,66.4395,61.6327
2013,Papua New Guinea,66.7606,61.7921
2014,Papua New Guinea,67.0575,62.0851
2015,Papua New Guinea,67.8183,62.286
2016,Papua New Guinea,67.9275,62.4394
2017,Papua New Guinea,68.078,62.7738
2018,Papua New Guinea,68.1228,62.8688
2019,Papua New Guinea,68.6715,62.9629
2020,Papua New Guinea,68.8036,63.3947
2021,Papua New Guinea,68.4151,62.9479
2010,Paraguay,74.7663,69.2023
2011,Paraguay,74.9344,69.5047
2012,Paraguay,75.2484,69.8294
2013,Paraguay,75.4895,70.179
2014,Paraguay,75.6679,70.2532
2015,Paraguay,75.9968,70.5482
2016,Paraguay,76.413,70.8264
2017,Paraguay,76.4588,70.9863
2018,Paraguay,76.3419,70.9459
2019,Paraguay,76.441,70.9609
2020,Paraguay,76.1558,70.3978
2021,Paraguay,73.3847,67.4336
2010,Peru,75.9302,71.623
2011,Peru,76.2984,72.0857
2012,Peru,76.6832,72.5125
2013,Peru,77.0826,72.9482
2014,Peru,77.4318,73.3211
2015,Peru,77.7427,73.5771
2016,Peru,77.9528,73.6972
2017,Peru,78.0997,73.7288
2018,Peru,78.2926,73.7997
2019,Peru,78.4966,73.9044
2020,Peru,76.8162,70.8078
2021,Peru,74.7462,70.1206
2010,Philippines,72.4176,69.0635
2011,Philippines,72.4313,69.1117
2012,Philippines,72.5369,69.1914
2013,Philippines,72.4717,69.1603
2014,Philippines,72.8599,69.4068
2015,Philippines,73.0158,69.4859
2016,Philippines,73.1787,69.5707
2017,Philippines,73.3495,69.6667
2018,Philippines,73.5562,69.8148
2019,Philippines,73.7422,69.9864
2020,Philippines,73.997,70.2437
2021,Philippines,71.4822,67.1717
2010,Poland,80.4598,72.1506
2011,Poland,80.7514,72.5107
2012,Poland,80.7711,72.6203
2013,Poland,80.9139,72.9733
2014,Poland,81.3941,73.6498
2015,Poland,81.307,73.4696
2016,Poland,81.7191,73.8273
2017,Poland,81.5418,73.8484
2018,Poland,81.4865,73.7447
2019,Poland,81.7395,74.0824
2020,Poland,80.9849,72.9804
2021,Poland,80.3888,72.6255
2010,Portugal,83.1209,76.7941
2011,Portugal,83.586,77.2392
2012,Portugal,83.4712,77.3149
2013,Portugal,83.888,77.572
2014,Portugal,84.2455,77.9927
2015,Portugal,84.14,78.0839
2016,Portugal,84.1866,78.0892
2017,Portugal,84.3898,78.3997
2018,Portugal,84.3132,78.2784
2019,Portugal,84.5466,78.6408
2020,Portugal,83.981,77.9518
2021,Portugal,84.0791,77.8468
2010,Puerto Rico,82.06,73.9767
2011,Puerto Rico,82.3226,74.3147
2012,Puerto Rico,82.4284,74.4945
2013,Puerto Rico,82.7002,74.8477
2014,Puerto Rico,82.882,74.9853
2015,Puerto Rico,83.7622,75.6598
2016,Puerto Rico,84.4642,76.1394
2017,Puerto Rico,83.1451,75.4254
2018,Puerto Rico,84.2358,75.4746
2019,Puerto Rico,83.4559,74.8322
2020,Puerto Rico,82.5878,73.6443
2021,Puerto Rico,84.5221,75.8648
2010,Qatar,80.4916,77.3882
2011,Qatar,80.5383,77.965
2012,Qatar,80.6791,78.3947
2013,Qatar,81.2426,78.6234
2014,Qatar,81.4149,78.8839
2015,Qatar,81.6608,79.2269
2016,Qatar,82.0644,79.5842
2017,Qatar,82.3118,79.8472
2018,Qatar,82.4624,80.0275
2019,Qatar,82.6461,80.0644
2020,Qatar,80.6786,78.2254
2021,Qatar,80.9374,78.3139
2010,Reunion,83.382,76.3431
2011,Reunion,83.5929,77.0202
2012,Reunion,83.794,77.5749
2013,Reunion,83.9566,77.6711
2014,Reunion,84.0267,77.9563
2015,Reunion,84.2797,78.1209
2016,Reunion,84.4925,78.4596
2017,Reunion,84.6416,78.7606
2018,Reunion,84.8125,78.6871
2019,Reunion,85.0322,79.047
2020,Reunion,85.2576,78.8322
2021,Reunion,84.7499,78.3779
2010,Romania,77.6719,70.3941
2011,Romania,77.9614,70.949
2012,Romania,77.8404,70.9837
2013,Romania,78.3254,71.6388
2014,Romania,78.3438,71.5405
2015,Romania,78.1783,71.4374
2016,Romania,78.7102,71.8165
2017,Romania,79.6584,72.2928
2018,Romania,79.9379,72.4319
2019,Romania,80.1846,72.8615
2020,Romania,79.3662,71.5016
2021,Romania,77.8898,70.6364
2010,Russia,75.3241,63.5342
2011,Russia,76.1909,64.5857
2012,Russia,76.3767,65.0885
2013,Russia,76.7558,65.7229
2014,Russia,76.9947,66.0098
2015,Russia,77.4201,66.6118
2016,Russia,77.8835,67.2239
2017,Russia,78.3328,68.1246
2018,Russia,78.4708,68.3069
2019,Russia,78.7682,68.788
2020,Russia,76.3872,66.1719
2021,Russia,74.7727,64.2085
2010,Rwanda,64.1806,60.7382
2011,Rwanda,65.0897,61.247
2012,Rwanda,65.8727,61.9457
2013,Rwanda,66.0894,62.5712
2014,Rwanda,66.9062,62.7635
2015,Rwanda,67.1597,63.2187
2016,Rwanda,67.9237,63.3298
2017,Rwanda,68.1041,63.5564
2018,Rwanda,68.2658,64.0129
2019,Rwanda,68.4802,64.1797
2020,Rwanda,68.9963,64.3582
2021,Rwanda,68.1639,63.798
2010,Saint Barthelemy,81.8083,75.4471
2011,Saint Barthelemy,81.9655,75.6118
2012,Saint Barthelemy,83.9611,76.2627
2013,Saint Barthelemy,82.2877,75.9382
2014,Saint Barthelemy,82.4428,76.0999
2015,Saint Barthelemy,82.6134,76.2607
2016,Saint Barthelemy,82.779,76.4106
2017,Saint Barthelemy,81.1445,75.6071
2018,Saint Barthelemy,83.1075,76.7177
2019,Saint Barthelemy,83.2603,76.8748
2020,Saint Barthelemy,83.4226,77.0213
2021,Saint Barthelemy,83.6242,77.254
2010,Saint Helena,80.3091,73.4428
2011,Saint Helena,80.103,73.7458
2012,Saint Helena,80.103,73.2378
2013,Saint Helena,79.9036,73.4428
2014,Saint Helena,79.2181,72.8206
2015,Saint Helena,78.6206,72.6083
2016,Saint Helena,78.8208,73.5444
2017,Saint Helena,79.8064,73.7458
2018,Saint Helena,80.103,73.6454
2019,Saint Helena,80.514,73.9449
2020,Saint Helena,80.7178,74.0436
2021,Saint Helena,80.4091,74.1755
2010,Saint Kitts and Nevis,74.4338,68.3765
2011,Saint Kitts and Nevis,74.6136,68.7219
2012,Saint Kitts and Nevis,74.7947,68.8121
2013,Saint Kitts and Nevis,75.196,68.1277
2014,Saint Kitts and Nevis,74.9284,67.472
2015,Saint Kitts and Nevis,74.9211,67.1142
2016,Saint Kitts and Nevis,75.941,68.0358
2017,Saint Kitts and Nevis,75.9225,68.2118
2018,Saint Kitts and Nevis,75.0846,68.2058
2019,Saint Kitts and Nevis,75.195,68.2944
2020,Saint Kitts and Nevis,75.2665,68.3217
2021,Saint Kitts and Nevis,75.3413,68.3456
2010,Saint Lucia,75.7071,69.9293
2011,Saint Lucia,75.7958,70.2612
2012,Saint Lucia,75.7236,70.2079
2013,Saint Lucia,75.7814,69.8945
2014,Saint Lucia,76.1044,69.8617
2015,Saint Lucia,76.4009,70.1074
2016,Saint Lucia,76.5822,69.9108
2017,Saint Lucia,76.7579,69.7927
2018,Saint Lucia,76.9681,70.0234
2019,Saint Lucia,77.058,70.1
2020,Saint Lucia,77.055,70.0419
2021,Saint Lucia,74.7166,67.8378
2010,Saint Martin (French part),81.8083,75.4471
2011,Saint Martin (French part),83.2497,75.1397
2012,Saint Martin (French part),82.24,76.1197
2013,Saint Martin (French part),82.0437,76.0409
2014,Saint Martin (French part),83.0082,77.1103
2015,Saint Martin (French part),82.6134,76.2607
2016,Saint Martin (French part),82.779,76.4106
2017,Saint Martin (French part),81.5505,75.8258
2018,Saint Martin (French part),84.2817,77.2067
2019,Saint Martin (French part),83.2603,76.8748
2020,Saint Martin (French part),83.4226,77.0213
2021,Saint Martin (French part),83.6242,77.254
2010,Saint Pierre and Miquelon,81.04,72.8568
2011,Saint Pierre and Miquelon,81.0761,72.897
2012,Saint Pierre and Miquelon,81.0985,72.9559
2013,Saint Pierre and Miquelon,81.1496,73.0184
2014,Saint Pierre and Miquelon,81.1907,73.0537
2015,Saint Pierre and Miquelon,81.2184,73.0612
2016,Saint Pierre and Miquelon,81.2285,73.4245
2017,Saint Pierre and Miquelon,81.2758,73.3972
2018,Saint Pierre and Miquelon,81.3112,73.422
2019,Saint Pierre and Miquelon,81.3152,73.4413
2020,Saint Pierre and Miquelon,81.3682,73.4637
2021,Saint Pierre and Miquelon,81.4085,73.5171
2010,Saint Vincent and the Grenadines,77.55,72.2403
2011,Saint Vincent and the Grenadines,77.3177,72.2213
2012,Saint Vincent and the Grenadines,77.0456,71.6655
2013,Saint Vincent and the Grenadines,76.5477,71.4428
2014,Saint Vincent and the Grenadines,77.4275,71.9742
2015,Saint Vincent and the Grenadines,77.2594,71.9899
2016,Saint Vincent and the Grenadines,77.102,71.8943
2017,Saint Vincent and the Grenadines,77.0517,71.9796
2018,Saint Vincent and the Grenadines,76.8627,71.8163
2019,Saint Vincent and the Grenadines,75.5799,70.5329
2020,Saint Vincent and the Grenadines,74.9442,69.8124
2021,Saint Vincent and the Grenadines,72.3958,67.354
2010,Samoa,75.0477,69.7024
2011,Samoa,74.983,69.7705
2012,Samoa,74.8478,69.7094
2013,Samoa,75.0994,69.9163
2014,Samoa,75.1425,70.0148
2015,Samoa,75.1883,70.0772
2016,Samoa,75.2152,70.1074
2017,Samoa,75.2702,70.1584
2018,Samoa,75.3137,70.211
2019,Samoa,74.805,69.7672
2020,Samoa,75.4592,70.3409
2021,Samoa,75.5034,70.3119
2010,San Marino,84.3287,80.9158
2011,San Marino,84.3236,81.0749
2012,San Marino,84.3249,80.7139
2013,San Marino,83.5858,81.0975
2014,San Marino,84.3297,81.3421
2015,San Marino,84.2815,81.4458
2016,San Marino,84.2659,81.558
2017,San Marino,84.2922,81.4399
2018,San Marino,84.3294,81.481
2019,San Marino,84.376,81.5176
2020,San Marino,82.4315,76.9517
2021,San Marino,83.495,78.3621
2010,Sao Tome and Principe,67.8123,62.8598
2011,Sao Tome and Principe,67.2698,62.6993
2012,Sao Tome and Principe,68.6014,63.1463
2013,Sao Tome and Principe,69.0336,63.8635
2014,Sao Tome and Principe,69.8946,64.1187
2015,Sao Tome and Principe,70.1599,64.6488
2016,Sao Tome and Principe,70.3756,64.9301
2017,Sao Tome and Principe,71.377,65.5318
2018,Sao Tome and Principe,71.4452,65.6533
2019,Sao Tome and Principe,71.6198,65.8307
2020,Sao Tome and Principe,70.8777,65.1601
2021,Sao Tome and Principe,70.4194,65.1607
2010,Saudi Arabia,77.5723,74.5187
2011,Saudi Arabia,77.8326,75.1242
2012,Saudi Arabia,78.0843,75.3299
2013,Saudi Arabia,78.2538,75.4868
2014,Saudi Arabia,78.3931,75.6108
2015,Saudi Arabia,78.5555,75.7661
2016,Saudi Arabia,78.7158,75.8605
2017,Saudi Arabia,78.796,75.917
2018,Saudi Arabia,78.9106,75.9215
2019,Saudi Arabia,78.9095,76.0696
2020,Saudi Arabia,77.9923,74.9662
2021,Saudi Arabia,78.7714,75.5902
2010,Senegal,66.3343,62.8047
2011,Senegal,67.174,63.2549
2012,Senegal,67.4559,63.357
2013,Senegal,68.2363,63.8028
2014,Senegal,68.4112,64.3665
2015,Senegal,69.0848,64.5487
2016,Senegal,69.7871,65.0735
2017,Senegal,70.0659,65.2946
2018,Senegal,70.2582,65.7798
2019,Senegal,70.954,65.9465
2020,Senegal,70.2711,65.5869
2021,Senegal,69.2838,64.7525
2010,Serbia,77.2566,71.434
2011,Serbia,77.6596,71.8098
2012,Serbia,77.9931,72.1325
2013,Serbia,78.5976,72.5208
2014,Serbia,78.676,72.6685
2015,Serbia,78.7215,72.8036
2016,Serbia,79.2112,73.1881
2017,Serbia,79.0465,73.2448
2018,Serbia,79.3345,73.5423
2019,Serbia,79.6693,73.6093
2020,Serbia,78.6137,72.1925
2021,Serbia,77.1779,71.2212
2010,Seychelles,77.6211,68.7966
2011,Seychelles,78.306,69.624
2012,Seychelles,78.0066,69.7103
2013,Seychelles,78.226,69.8317
2014,Seychelles,78.4106,69.7039
2015,Seychelles,78.3174,69.7176
2016,Seychelles,78.1441,69.7734
2017,Seychelles,78.2576,69.9813
2018,Seychelles,78.3546,70.1883
2019,Seychelles,78.6056,70.3995
2020,Seychelles,78.0498,69.6524
2021,Seychelles,75.6503,67.7429
2010,Sierra Leone,54.4898,52.8627
2011,Sierra Leone,55.4407,53.766
2012,Sierra Leone,56.3207,54.5502
2013,Sierra Leone,57.2602,55.3379
2014,Sierra Leone,57.337,55.4223
2015,Sierra Leone,58.2021,56.1512
2016,Sierra Leone,59.5556,57.2347
2017,Sierra Leone,59.7941,57.4907
2018,Sierra Leone,61.1679,58.4186
2019,Sierra Leone,61.5545,58.9414
2020,Sierra Leone,61.1164,58.4045
2021,Sierra Leone,61.3543,58.7582
2010,Singapore,83.9551,79.3353
2011,Singapore,84.2222,79.6414
2012,Singapore,84.4613,79.941
2013,Singapore,84.6338,80.3074
2014,Singapore,84.7858,80.4385
2015,Singapore,84.9747,80.6044
2016,Singapore,85.1815,80.758
2017,Singapore,85.4071,80.9936
2018,Singapore,85.6229,81.2572
2019,Singapore,85.9086,81.5812
2020,Singapore,85.3219,80.4682
2021,Singapore,84.9268,80.6357
2010,Sint Maarten (Dutch part),77.9887,72.4761
2011,Sint Maarten (Dutch part),77.1145,72.3852
2012,Sint Maarten (Dutch part),77.0525,72.2935
2013,Sint Maarten (Dutch part),78.188,72.3191
2014,Sint Maarten (Dutch part),80.514,73.8457
2015,Sint Maarten (Dutch part),80.6161,74.0436
2016,Sint Maarten (Dutch part),79.5843,74.0436
2017,Sint Maarten (Dutch part),78.1699,72.3357
2018,Sint Maarten (Dutch part),78.1294,72.4861
2019,Sint Maarten (Dutch part),78.7969,72.5409
2020,Sint Maarten (Dutch part),77.8828,71.7889
2021,Sint Maarten (Dutch part),76.6956,71.5377
2010,Slovakia,79.1574,71.736
2011,Slovakia,79.6677,72.257
2012,Slovakia,79.7533,72.4838
2013,Slovakia,79.9783,72.9064
2014,Slovakia,80.3102,73.2452
2015,Slovakia,80.108,73.0885
2016,Slovakia,80.547,73.7434
2017,Slovakia,80.5719,73.7541
2018,Slovakia,80.6042,73.8315
2019,Slovakia,81.0097,74.2645
2020,Slovakia,80.3598,73.5954
2021,Slovakia,78.4307,71.4948
2010,Slovenia,82.7344,76.5037
2011,Slovenia,82.9102,76.9156
2012,Slovenia,82.9619,77.1624
2013,Slovenia,83.2152,77.3367
2014,Slovenia,83.6128,78.1344
2015,Slovenia,83.5647,77.9812
2016,Slovenia,83.8272,78.3911
2017,Slovenia,83.8027,78.277
2018,Slovenia,84.0749,78.5871
2019,Slovenia,84.1847,78.9676
2020,Slovenia,83.3064,77.6342
2021,Slovenia,83.8366,77.6469
2010,Solomon Islands,70.6366,67.1006
2011,Solomon Islands,70.7754,67.3013
2012,Solomon Islands,70.8987,67.5136
2013,Solomon Islands,70.9342,67.6681
2014,Solomon Islands,70.9404,67.7413
2015,Solomon Islands,71.2368,68.1313
2016,Solomon Islands,71.4274,68.367
2017,Solomon Islands,71.5772,68.5824
2018,Solomon Islands,71.7371,68.7859
2019,Solomon Islands,71.8999,69.0324
2020,Solomon Islands,71.8018,68.7915
2021,Solomon Islands,71.9594,68.931
2010,Somalia,52.5378,48.6689
2011,Somalia,53.0379,49.6248
2012,Somalia,55.1395,51.2481
2013,Somalia,55.7754,51.9698
2014,Somalia,56.3618,52.2675
2015,Somalia,56.9302,52.855
2016,Somalia,57.2933,52.8874
2017,Somalia,57.8085,53.5771
2018,Somalia,58.5448,54.2833
2019,Somalia,59.0917,55.1221
2020,Somalia,58.0507,53.9672
2021,Somalia,57.414,53.2459
2010,South Africa,61.266,56.067
2011,South Africa,63.1115,57.7311
2012,South Africa,64.4489,58.7753
2013,South Africa,65.2667,59.3518
2014,South Africa,66.2592,60.0615
2015,South Africa,66.7812,60.7088
2016,South Africa,67.7945,61.3073
2017,South Africa,68.4299,61.9541
2018,South Africa,68.7396,62.2033
2019,South Africa,69.1072,62.8344
2020,South Africa,67.9642,62.1782
2021,South Africa,64.9992,59.4575
2010,South Korea,84.1975,77.0575
2011,South Korea,84.593,77.54
2012,South Korea,84.7415,77.6816
2013,South Korea,85.1945,78.2319
2014,South Korea,85.7117,78.7251
2015,South Korea,85.7843,79.0192
2016,South Korea,86.0955,79.4333
2017,South Korea,86.3962,79.8448
2018,South Korea,86.4504,79.9344
2019,South Korea,86.7055,80.3035
2020,South Korea,86.7019,80.2428
2021,South Korea,86.7603,80.3864
2010,South Sudan,55.8313,53.7327
2011,South Sudan,56.2959,53.5403
2012,South Sudan,57.132,54.5563
2013,South Sudan,57.1017,54.3661
2014,South Sudan,57.0745,52.8892
2015,South Sudan,57.1763,53.9272
2016,South Sudan,57.2331,53.8292
2017,South Sudan,57.1383,53.4546
2018,South Sudan,57.3497,54.487
2019,South Sudan,57.2896,54.4705
2020,South Sudan,56.9975,53.9061
2021,South Sudan,56.4723,53.4286
2010,Spain,84.9834,78.9914
2011,Spain,85.0826,79.2395
2012,Spain,85.0501,79.3112
2013,Spain,85.4797,79.8746
2014,Spain,85.5778,80.0503
2015,Spain,85.3572,79.8727
2016,Spain,85.7695,80.239
2017,Spain,85.6661,80.3177
2018,Spain,85.7983,80.4182
2019,Spain,86.1652,80.8173
2020,Spain,85.0137,79.5536
2021,Spain,85.7735,80.2091
2010,Sri Lanka,77.5962,69.2172
2011,Sri Lanka,77.8014,69.3478
2012,Sri Lanka,78.1475,69.9807
2013,Sri Lanka,78.6192,70.1794
2014,Sri Lanka,78.8129,70.6982
2015,Sri Lanka,78.9706,71.0269
2016,Sri Lanka,79.3554,71.407
2017,Sri Lanka,79.3165,71.54
2018,Sri Lanka,79.4933,71.9833
2019,Sri Lanka,79.7426,72.2268
2020,Sri Lanka,80.1109,72.5966
2021,Sri Lanka,79.5018,73.1101
2010,Sudan,65.5058,60.6541
2011,Sudan,65.8006,60.8187
2012,Sudan,66.4473,61.2664
2013,Sudan,66.5972,60.9166
2014,Sudan,67.2329,61.4605
2015,Sudan,67.3485,62.0812
2016,Sudan,67.4323,62.2305
2017,Sudan,68.0179,62.9573
2018,Sudan,68.233,63.2081
2019,Sudan,68.388,63.4322
2020,Sudan,68.2077,63.1057
2021,Sudan,67.8786,62.7408
2010,Suriname,73.5869,66.5389
2011,Suriname,73.612,66.5431
2012,Suriname,73.3464,66.4732
2013,Suriname,73.176,66.4497
2014,Suriname,73.1973,66.6002
2015,Suriname,74.2239,67.5714
2016,Suriname,74.8513,68.46
2017,Suriname,75.703,69.2315
2018,Suriname,75.9369,69.2852
2019,Suriname,75.6803,68.9437
2020,Suriname,75.981,69.2638
2021,Suriname,73.5513,67.2067
2010,Sweden,83.4644,79.517
2011,Sweden,83.6671,79.7954
2012,Sweden,83.531,79.873
2013,Sweden,83.7178,80.0973
2014,Sweden,84.0474,80.3566
2015,Sweden,84.0155,80.3202
2016,Sweden,84.0801,80.5683
2017,Sweden,84.1138,80.7285
2018,Sweden,84.2567,80.7903
2019,Sweden,84.7307,81.3474
2020,Sweden,84.2849,80.5972
2021,Sweden,84.9097,81.0775
2010,Switzerland,84.3602,80.023
2011,Switzerland,84.6755,80.2853
2012,Switzerland,84.611,80.4566
2013,Switzerland,84.7244,80.5106
2014,Switzerland,85.0998,80.9227
2015,Switzerland,84.8803,80.6975
2016,Switzerland,85.2132,81.5268
2017,Switzerland,85.3501,81.3654
2018,Switzerland,85.3648,81.6409
2019,Switzerland,85.5597,81.8967
2020,Switzerland,85.0783,80.9962
2021,Switzerland,85.8959,81.9952
2010,Syria,76.6817,71.3518
2011,Syria,76.3592,70.5463
2012,Syria,71.8161,62.428
2013,Syria,69.7682,58.8322
2014,Syria,68.9455,58.2283
2015,Syria,70.3511,60.5659
2016,Syria,71.0046,61.5738
2017,Syria,74.93,62.9567
2018,Syria,75.1678,65.6252
2019,Syria,75.6378,68.2238
2020,Syria,75.5555,68.8876
2021,Syria,75.1752,69.0583
2010,Taiwan,82.5886,76.079
2011,Taiwan,82.5684,75.7397
2012,Taiwan,82.6561,76.1535
2013,Taiwan,83.1437,76.5962
2014,Taiwan,83.0287,76.4268
2015,Taiwan,83.4412,76.7247
2016,Taiwan,83.3303,76.4978
2017,Taiwan,83.5987,76.9131
2018,Taiwan,84.0015,77.2994
2019,Taiwan,84.1058,77.4051
2020,Taiwan,84.3031,77.6651
2021,Taiwan,84.4422,77.7572
2010,Tajikistan,70.3526,65.3648
2011,Tajikistan,70.8236,65.7281
2012,Tajikistan,70.9488,66.2468
2013,Tajikistan,71.3335,66.6617
2014,Tajikistan,71.6443,66.7505
2015,Tajikistan,71.8676,66.9961
2016,Tajikistan,72.0881,67.2536
2017,Tajikistan,72.3397,67.6822
2018,Tajikistan,72.5985,68.2722
2019,Tajikistan,73.0099,68.8615
2020,Tajikistan,70.1701,65.9995
2021,Tajikistan,73.7339,69.5682
2010,Tanzania,61.9145,58.3504
2011,Tanzania,63.0822,59.0942
2012,Tanzania,64.2176,59.9312
2013,Tanzania,65.3165,60.7185
2014,Tanzania,66.2738,61.5894
2015,Tanzania,67.0295,62.3813
2016,Tanzania,67.6909,63.1717
2017,Tanzania,68.2071,63.8621
2018,Tanzania,68.6493,64.4752
2019,Tanzania,69.1173,64.9209
2020,Tanzania,68.5417,64.3725
2021,Tanzania,68.3107,64.1827
2010,Thailand,80.3583,72.0916
2011,Thailand,80.6682,72.3519
2012,Thailand,81.0301,72.6799
2013,Thailand,81.3647,72.9584
2014,Thailand,81.7076,73.27
2015,Thailand,82.0297,73.5438
2016,Thailand,82.5876,73.6879
2017,Thailand,82.8635,74.0712
2018,Thailand,83.1489,74.3152
2019,Thailand,83.4326,74.6384
2020,Thailand,83.697,74.9539
2021,Thailand,83.0408,74.518
2010,Togo,57.3645,57.225
2011,Togo,57.986,57.8437
2012,Togo,58.0988,58.0278
2013,Togo,58.8042,58.5442
2014,Togo,58.9791,58.7082
2015,Togo,59.5998,59.1732
2016,Togo,59.7567,59.3252
2017,Togo,60.4787,59.8143
2018,Togo,60.6459,59.8287
2019,Togo,61.4427,60.3505
2020,Togo,61.576,60.4855
2021,Togo,62.3913,60.8495
2010,Tokelau,74.6218,72.8165
2011,Tokelau,74.7771,73.038
2012,Tokelau,74.9112,73.2338
2013,Tokelau,75.0917,73.4446
2014,Tokelau,75.2271,73.6435
2015,Tokelau,75.3402,73.7801
2016,Tokelau,75.4345,73.941
2017,Tokelau,75.5571,74.0291
2018,Tokelau,75.6615,74.1398
2019,Tokelau,75.758,74.2137
2020,Tokelau,75.8513,74.3255
2021,Tokelau,75.9382,74.358
2010,Tonga,73.3806,67.5675
2011,Tonga,73.424,67.6304
2012,Tonga,73.4541,67.7085
2013,Tonga,73.4852,67.7899
2014,Tonga,73.4887,67.8443
2015,Tonga,73.5283,67.9251
2016,Tonga,73.5612,67.9914
2017,Tonga,73.5796,68.0648
2018,Tonga,73.614,68.1491
2019,Tonga,73.6695,68.2651
2020,Tonga,73.6975,68.3367
2021,Tonga,73.719,68.4164
2010,Trinidad and Tobago,76.1383,69.3087
2011,Trinidad and Tobago,76.41,70.078
2012,Trinidad and Tobago,76.7041,70.6345
2013,Trinidad and Tobago,77.0691,70.7802
2014,Trinidad and Tobago,77.4069,70.9628
2015,Trinidad and Tobago,77.9299,71.0518
2016,Trinidad and Tobago,77.6742,70.8788
2017,Trinidad and Tobago,77.6943,70.7821
2018,Trinidad and Tobago,77.3525,70.2986
2019,Trinidad and Tobago,77.6973,70.8277
2020,Trinidad and Tobago,77.8806,70.983
2021,Trinidad and Tobago,76.4032,69.6616
2010,Tunisia,78.5604,72.5517
2011,Tunisia,78.6666,72.5359
2012,Tunisia,78.6626,72.6686
2013,Tunisia,78.8112,72.7334
2014,Tunisia,78.7741,72.7568
2015,Tunisia,78.8565,72.7701
2016,Tunisia,79.0778,72.7602
2017,Tunisia,79.1331,72.8248
2018,Tunisia,79.3231,72.864
2019,Tunisia,79.3795,72.8946
2020,Tunisia,79.2795,71.8367
2021,Tunisia,77.1448,70.7428
2010,Turkey,78.2205,71.9266
2011,Turkey,78.1435,71.7786
2012,Turkey,78.8378,72.5171
2013,Turkey,79.3976,73.1616
2014,Turkey,79.6233,73.4676
2015,Turkey,79.7873,73.4977
2016,Turkey,79.8938,73.4477
2017,Turkey,80.2932,73.9847
2018,Turkey,80.6843,74.4168
2019,Turkey,80.9529,74.6802
2020,Turkey,79.0611,72.7721
2021,Turkey,79.1213,73.0397
2010,Turkmenistan,71.6358,64.9368
2011,Turkmenistan,71.8879,65.2264
2012,Turkmenistan,71.9144,65.4959
2013,Turkmenistan,71.9714,65.4837
2014,Turkmenistan,72.0143,65.2192
2015,Turkmenistan,72.1665,65.3964
2016,Turkmenistan,71.9947,65.5384
2017,Turkmenistan,72.2272,65.5932
2018,Turkmenistan,72.1919,65.4082
2019,Turkmenistan,72.4638,65.5521
2020,Turkmenistan,71.984,65.3918
2021,Turkmenistan,72.663,65.8652
2010,Turks and Caicos Islands,79.0538,73.7432
2011,Turks and Caicos Islands,78.9064,73.767
2012,Turks and Caicos Islands,79.1998,75.0449
2013,Turks and Caicos Islands,79.2662,74.9575
2014,Turks and Caicos Islands,79.7686,74.768
2015,Turks and Caicos Islands,79.6037,74.4997
2016,Turks and Caicos Islands,79.679,74.3545
2017,Turks and Caicos Islands,79.7313,74.0262
2018,Turks and Caicos Islands,79.2612,73.9123
2019,Turks and Caicos Islands,78.3713,72.5999
2020,Turks and Caicos Islands,78.1549,72.1985
2021,Turks and Caicos Islands,77.7022,71.8087
2010,Tuvalu,67.7198,60.6066
2011,Tuvalu,67.8214,60.5513
2012,Tuvalu,67.9036,60.504
2013,Tuvalu,68.0703,60.4912
2014,Tuvalu,68.1878,60.4777
2015,Tuvalu,68.3245,60.481
2016,Tuvalu,68.479,60.495
2017,Tuvalu,68.6044,60.5173
2018,Tuvalu,68.7337,60.57
2019,Tuvalu,68.8503,60.5923
2020,Tuvalu,68.9781,60.6698
2021,Tuvalu,69.1378,60.8155
2010,Uganda,58.7678,55.2491
2011,Uganda,59.7219,56.1156
2012,Uganda,60.7603,56.7895
2013,Uganda,61.8482,57.5958
2014,Uganda,62.259,58.4616
2015,Uganda,63.0054,59.0707
2016,Uganda,63.8091,59.4002
2017,Uganda,64.028,60.1005
2018,Uganda,64.7438,60.5866
2019,Uganda,64.9904,60.8933
2020,Uganda,64.8977,60.7146
2021,Uganda,64.9197,60.4228
2010,Ukraine,75.3914,65.6635
2011,Ukraine,76.0569,66.4707
2012,Ukraine,76.2746,66.7268
2013,Ukraine,76.4556,67.006
2014,Ukraine,77.7408,67.2303
2015,Ukraine,78.3916,68.2318
2016,Ukraine,79.1608,69.1067
2017,Ukraine,79.659,69.4222
2018,Ukraine,79.4797,69.064
2019,Ukraine,79.5871,69.2111
2020,Ukraine,77.3715,67.5862
2021,Ukraine,76.7002,66.5312
2010,United Arab Emirates,80.2033,76.4587
2011,United Arab Emirates,80.4149,76.6655
2012,United Arab Emirates,80.6232,76.9312
2013,United Arab Emirates,80.8277,77.0842
2014,United Arab Emirates,81.0232,77.3314
2015,United Arab Emirates,81.2116,77.5634
2016,United Arab Emirates,81.3957,77.6844
2017,United Arab Emirates,81.6256,77.8706
2018,United Arab Emirates,81.7902,78.028
2019,United Arab Emirates,81.9075,78.1751
2020,United Arab Emirates,81.1121,77.4638
2021,United Arab Emirates,80.9371,77.2164
2010,United Kingdom,82.3423,78.3572
2011,United Kingdom,82.7273,78.7785
2012,United Kingdom,82.6729,78.9672
2013,United Kingdom,82.7763,79.0043
2014,United Kingdom,82.9922,79.2516
2015,United Kingdom,82.7336,79.0587
2016,United Kingdom,82.8798,79.2139
2017,United Kingdom,82.9925,79.3016
2018,United Kingdom,82.9506,79.2655
2019,United Kingdom,83.4731,79.931
2020,United Kingdom,82.4483,78.4319
2021,United Kingdom,82.7722,78.7168
2010,United States,81.1662,76.3249
2011,United States,81.1823,76.4103
2012,United States,81.31,76.5397
2013,United States,81.3302,76.5453
2014,United States,81.4136,76.6042
2015,United States,81.2957,76.4419
2016,United States,81.3573,76.3521
2017,United States,81.3584,76.3114
2018,United States,81.5403,76.4727
2019,United States,81.7192,76.5983
2020,United States,80.3081,74.6419
2021,United States,80.238,74.2999
2010,United States Virgin Islands,77.7573,69.2414
2011,United States Virgin Islands,78.4604,69.5262
2012,United States Virgin Islands,78.4911,69.4416
2013,United States Virgin Islands,78.8414,69.423
2014,United States Virgin Islands,79.1196,69.4053
2015,United States Virgin Islands,80.3215,69.9299
2016,United States Virgin Islands,80.8042,69.9671
2017,United States Virgin Islands,80.8551,69.6841
2018,United States Virgin Islands,81.1212,69.7867
2019,United States Virgin Islands,81.1372,69.7763
2020,United States Virgin Islands,80.9827,69.6675
2021,United States Virgin Islands,80.6386,69.4816
2010,Uruguay,80.8967,72.6494
2011,Uruguay,81.0323,72.7645
2012,Uruguay,81.1651,72.8879
2013,Uruguay,81.2801,73.0291
2014,Uruguay,81.3598,73.1962
2015,Uruguay,81.3861,73.3918
2016,Uruguay,81.3561,73.5864
2017,Uruguay,81.3157,73.7323
2018,Uruguay,81.2826,73.7532
2019,Uruguay,81.2959,73.579
2020,Uruguay,81.911,74.6882
2021,Uruguay,79.2583,71.6545
2010,Uzbekistan,71.8132,66.6549
2011,Uzbekistan,72.2247,67.0672
2012,Uzbekistan,72.4698,67.2772
2013,Uzbekistan,72.8413,67.1741
2014,Uzbekistan,73.1299,67.3795
2015,Uzbekistan,73.3238,67.6573
2016,Uzbekistan,73.5052,68.0161
2017,Uzbekistan,73.7728,68.2565
2018,Uzbekistan,73.815,68.4794
2019,Uzbekistan,73.8829,68.7818
2020,Uzbekistan,72.7888,67.8764
2021,Uzbekistan,73.3899,68.3335
2010,Vanuatu,72.0556,67.5992
2011,Vanuatu,72.0399,67.5076
2012,Vanuatu,71.9796,67.4725
2013,Vanuatu,72.0555,67.4901
2014,Vanuatu,71.8922,67.4994
2015,Vanuatu,71.9397,67.5509
2016,Vanuatu,72.1256,67.6518
2017,Vanuatu,72.2537,67.645
2018,Vanuatu,72.3003,67.7498
2019,Vanuatu,72.405,67.8009
2020,Vanuatu,72.4265,68.5472
2021,Vanuatu,72.9446,68.3967
2010,Venezuela,77.1395,68.9179
2011,Venezuela,77.1003,68.9826
2012,Venezuela,77.4163,68.9494
2013,Venezuela,77.3229,69.2971
2014,Venezuela,77.0745,68.8873
2015,Venezuela,77.2179,69.0412
2016,Venezuela,76.7416,67.7567
2017,Venezuela,76.2277,67.9351
2018,Venezuela,76.4306,67.8316
2019,Venezuela,76.5658,68.0335
2020,Venezuela,75.8142,66.7389
2021,Venezuela,75.2072,66.2592
2010,Vietnam,78.2636,68.7845
2011,Vietnam,78.4146,68.984
2012,Vietnam,78.4221,69.0067
2013,Vietnam,78.4783,69.0939
2014,Vietnam,78.5927,69.149
2015,Vietnam,78.6565,69.1436
2016,Vietnam,78.7554,69.1795
2017,Vietnam,78.7198,69.2604
2018,Vietnam,78.7771,69.245
2019,Vietnam,78.8884,69.3694
2020,Vietnam,79.9199,70.7871
2021,Vietnam,78.2349,69.117
2010,Wallis and Futuna,78.7217,72.8147
2011,Wallis and Futuna,78.7669,76.3805
2012,Wallis and Futuna,78.6687,76.4264
2013,Wallis and Futuna,77.6216,76.0571
2014,Wallis and Futuna,78.4094,76.8818
2015,Wallis and Futuna,78.5393,77.4192
2016,Wallis and Futuna,79.1822,77.5078
2017,Wallis and Futuna,78.0174,77.062
2018,Wallis and Futuna,79.4988,76.3788
2019,Wallis and Futuna,80.6203,78.6408
2020,Wallis and Futuna,79.8486,77.7294
2021,Wallis and Futuna,79.869,77.1009
2010,Western Sahara,69.3495,65.9658
2011,Western Sahara,69.7343,66.3957
2012,Western Sahara,70.1089,66.7716
2013,Western Sahara,70.5715,67.0979
2014,Western Sahara,70.9726,67.3793
2015,Western Sahara,71.3188,67.6775
2016,Western Sahara,71.618,67.9776
2017,Western Sahara,71.8813,68.2443
2018,Western Sahara,72.1181,68.4889
2019,Western Sahara,72.3343,68.7186
2020,Western Sahara,72.5444,68.9336
2021,Western Sahara,72.8705,69.1489
2010,World,72.7065,67.5903
2011,World,73.1396,67.9992
2012,World,73.4945,68.3305
2013,World,73.8399,68.6545
2014,World,74.1759,69.028
2015,World,74.3865,69.2861
2016,World,74.7183,69.5758
2017,World,74.9747,69.7603
2018,World,75.1996,70.0279
2019,World,75.4191,70.2365
2020,World,74.7891,69.4084
2021,World,73.807,68.4372
2010,Yemen,69.3965,65.1654
2011,Yemen,69.4905,65.3476
2012,Yemen,69.4143,65.2749
2013,Yemen,69.5279,65.5569
2014,Yemen,69.4424,65.3337
2015,Yemen,68.8988,63.0047
2016,Yemen,68.9407,63.3203
2017,Yemen,68.9616,63.1079
2018,Yemen,68.6014,60.9015
2019,Yemen,68.6272,61.8073
2020,Yemen,67.8847,61.6364
2021,Yemen,67.1339,60.6287
2010,Zambia,58.5334,54.9164
2011,Zambia,59.5915,55.8042
2012,Zambia,60.8049,56.7888
2013,Zambia,61.7815,57.8312
2014,Zambia,62.7964,58.4679
2015,Zambia,63.5089,58.785
2016,Zambia,64.1205,59.3493
2017,Zambia,64.6084,59.5269
2018,Zambia,64.9158,59.6741
2019,Zambia,65.4095,60.0801
2020,Zambia,65.0428,59.643
2021,Zambia,63.9276,58.4872
2010,Zimbabwe,52.2397,48.9476
2011,Zimbabwe,55.4377,51.1029
2012,Zimbabwe,57.7228,53.3551
2013,Zimbabwe,59.533,55.1864
2014,Zimbabwe,60.8441,56.6373
2015,Zimbabwe,61.6372,57.3202
2016,Zimbabwe,62.4161,57.9562
2017,Zimbabwe,62.9561,58.2078
2018,Zimbabwe,63.594,58.9685
2019,Zimbabwe,63.6614,58.6436
2020,Zimbabwe,63.8616,58.1294
2021,Zimbabwe,62.0449,56.2321
